id,documentNumber,facilityId,processedDate,programId,signature,userId
5eda2982-678a-4b7b-b5d2-cd58d8b18075,,e6799d64-d10d-4011-b8c2-0e4d4a3f65ce,2017-05-26T04:44:50.968,10845cb9-d365-4aaa-badd-b4fa39c6a26a,,f72bf4ee-eb86-4bfd-be88-4f481f4e2fe0
ad837d5d-e703-41ab-9a37-dbffc9209f0d,,e6799d64-d10d-4011-b8c2-0e4d4a3f65ce,2017-05-26T04:45:57.558,dce17f2e-af3e-40ad-8e00-3496adef44c3,,f72bf4ee-eb86-4bfd-be88-4f481f4e2fe0
1eb9ba25-92e6-447f-a25e-8856bd340f22,,7fc9bda8-ad8a-468d-8244-38e1918527d5,2017-10-11 02:26:49.676,418bdc1d-c303-4bd0-b2d3-d8901150a983,,1e3b03a5-1d48-4de1-bb4a-389beece2277
a5e75d94-c0a0-4c22-8e0a-ec06cf2dea19,,4774fc63-a0c8-4a29-a01d-5b6b48632175,2017-10-16 02:26:49.676,418bdc1d-c303-4bd0-b2d3-d8901150a983,,211a6b4d-3c59-4fb2-8075-eedb79a18103
bb7fa1ca-f123-49c7-a315-8251b530c2f4,,97546f93-ac93-435f-a437-cd629deb7d6d,2017-10-11 03:09:53.923,418bdc1d-c303-4bd0-b2d3-d8901150a983,,1e3b03a5-1d48-4de1-bb4a-389beece2277
cd4ad6ef-fb15-443d-8241-f81b7ed2f7cb,,c62dea9b-6974-4101-ba39-b09914165967,2017-10-13 00:31:49.679,418bdc1d-c303-4bd0-b2d3-d8901150a983,,560be32a-ea2e-4d12-ae00-1f69376ad535
86386f07-c147-4088-a07b-fe1db811f4a7,,c62dea9b-6974-4101-ba39-b09914165967,2017-10-16 00:32:42.369,418bdc1d-c303-4bd0-b2d3-d8901150a983,,560be32a-ea2e-4d12-ae00-1f69376ad535
f07bd4b7-5484-4293-a2f2-18a18f0146df,,c62dea9b-6974-4101-ba39-b09914165967,2017-10-13 00:33:55.841,418bdc1d-c303-4bd0-b2d3-d8901150a983,,560be32a-ea2e-4d12-ae00-1f69376ad535
17577beb-b37d-48fa-b0a1-191f84a1cb8e,,4774fc63-a0c8-4a29-a01d-5b6b48632175,2018-07-20 11:17:39.594,418bdc1d-c303-4bd0-b2d3-d8901150a983,,9cc9a0a4-e434-4582-9efc-2a1de44bc1f1
9b7c6639-5861-4f0f-8847-86c1723bd69d,,a205764b-3998-4c89-afac-2bc9d737c8d3,2018-07-20 11:22:29.447,418bdc1d-c303-4bd0-b2d3-d8901150a983,,b4eae7b4-42f6-4315-9c8c-c4ebb05213cf
a93ad019-6a5f-47ca-a817-0289f1a24904,,4774fc63-a0c8-4a29-a01d-5b6b48632175,2018-07-20 11:24:29.493,418bdc1d-c303-4bd0-b2d3-d8901150a983,,9cc9a0a4-e434-4582-9efc-2a1de44bc1f1
0b370475-5ac9-4912-ae08-72c503ff1d8a,,bfe3eac5-9961-4d44-a492-431865bbcb23,2018-10-29 08:07:49.344,ef9a2b39-e7ce-4ebe-930c-f5c6d15b578a,,513db866-420d-4745-b91b-45f86cfe55c8
