id,isRefDataFacility,referenceId
0bd28568-43f1-4836-934d-ec5fb11398e8,true,e6799d64-d10d-4011-b8c2-0e4d4a3f65ce
e89eaf68-50c1-47f2-b83a-5b51ffa2206e,true,13037147-1769-4735-90a7-b9b310d128b8
087e81f6-a74d-4bba-9d01-16e0d64e9609,false,3b2886f1-632b-4bd5-acd9-aaed37045682
bb551f22-66b1-487a-a87d-9083d9eb8d56,false,f87480a8-5f06-4152-8e9d-6b53762a917e
d0d1953a-3067-45c0-80d3-2d85892a9e92,true,7fc9bda8-ad8a-468d-8244-38e1918527d5
eae0d462-1b54-4626-8560-4e9dd7c1c28f,true,4774fc63-a0c8-4a29-a01d-5b6b48632175
0fd0f218-4f7a-4762-b7cf-5d76c797f880,true,a205764b-3998-4c89-afac-2bc9d737c8d3
7f39fe2c-7180-46b3-b2aa-d5aa948a58fa,true,0509f332-a77e-4bfc-921b-11c46a6bbfd2
114733d2-579a-42f3-8fcd-c0788036bf69,true,19a94b68-e613-4996-9bea-94313e9fa34d
cfcf426c-2327-4f40-8e90-c4e0e8fdeb38,true,6115591d-6e74-4b7f-9f80-f19e42494c99
36257f77-8ae5-42f5-b1f3-19fbe0a6488e,true,e21e24ea-2d60-4468-b410-133c51485402
addd1ac7-43d5-412b-801f-9506a7a5e819,true,5146de1c-f089-43ff-8016-3c9e8f36e014
a9e31413-2764-44ef-adc9-18dd28225df3,true,249fbafc-e934-4068-8452-d92381299c40
ff6d50db-b20c-4ab2-9359-843a2e500b01,true,6c0de27e-2705-4183-96fc-0905caa34dc2
b3dd25a8-0b8e-4ef7-b7a8-5399f7cedeb7,true,97f7c9fb-4d2f-4501-a4bf-f9c365815c20
9328c2a3-f136-41c9-9c3f-1f10a2d02ffd,true,e6673cec-c79c-4111-b67c-9b31a1735e27
12c16e9f-b7af-4caf-b6fd-52ab12b40d7e,true,701ee94a-083e-46bb-83b7-d95c3a4c9884
6a1fff02-935d-49ad-b163-e95f0dd561b9,true,45870b0b-b77e-446b-beb8-a5061145444a
71e7f5c8-0ab9-4f30-b08e-cb720217351b,true,0fcab1ac-1ddb-408a-8413-feb5ecfc5dc0
72d95ee4-ac8c-440f-be23-ddb68c2d1f24,true,b25bf57d-43ae-41be-8fa9-6335c6fbe161
c51d405e-4326-4208-8402-fe82747a1218,true,97546f93-ac93-435f-a437-cd629deb7d6d
6cb82df3-2609-4255-804b-000c47e1fc84,true,d473a46c-24f7-4ed0-84c9-dc8941acbf32
320df5ee-9aed-4dde-a758-815444845ec7,true,65abb2fb-25ca-429b-add7-d092774e51b8
726602fd-fe51-4dbf-926c-5ae3a3893087,true,5feb3242-10bb-41ea-ab94-4fb6b95185b8
6f03ab76-f346-42f1-8f9b-feca25dac2c5,true,f573c829-bf73-49e7-ac7d-c13567dcd6c2
45eba612-4ab6-40e0-a60d-894c7be6e44f,true,88f3adf2-a59a-49f5-9d90-6ee1367262dd
ec42fd27-7f29-4da5-afe8-9529e88af0e5,true,a2d3f399-6862-41ec-9a29-dd41ebd50ed9
e06973cb-b67d-4be8-85de-fb7d78aefb13,true,c2051128-f6bf-4d84-a33b-1b360a2d87f9
7c1687d3-68b9-4e51-b1d9-9f9aa4d106a9,true,63ab622b-9628-4084-8bc5-ced7cf03a01d
45506ab6-9b16-402d-bab9-c92373d9e745,true,f7453d96-601f-4e98-9081-43bd1362a828
c6615403-7651-4de7-ab9a-1cbc447691d8,true,e9dbb5af-b6a2-45e8-83be-b94117fa0d71
3afcc79d-4cfe-46e7-b5c4-fb4fba4efb83,true,a7ddecee-5699-450e-bd79-bd1b2d00bbfd
3c6626c1-7053-4a4a-ba1a-e22512279bea,true,c0d4d66b-d8e9-47e9-92e6-588c88c97c7c
350984ac-30a5-4c8a-9676-89cbd663000d,true,0267919e-836e-492f-af36-c8c111baaeab
efed2001-2c42-4b7f-9957-02b7b933a3c4,true,3a41fcaa-4c41-4fa4-8b6b-3b209138ff90
73b2348c-48a6-4624-b604-1fba04633a6b,true,2a536413-1a49-4ea6-a904-a7faca769c16
91f8d569-3132-4e43-8e2b-f4cb1c4add58,true,5f9c60d8-753a-4d34-9769-d08f6703a8ee
f2d5aa78-a5bd-404b-9edf-3b03912a7c20,true,c5c3706f-2379-4209-aa3e-efd5bba8fad3
01ad33da-3c42-4973-b234-b3508312b89e,true,796ed125-dc1a-4e40-9b50-ed46843de019
606894c9-c4c9-448c-b582-52b7ba998a97,true,52be842d-4d74-434e-b8bb-cb983462a4ee
dca0948b-574f-4975-b30e-084e0090bd1c,true,8adb4ef8-b7ef-4583-91cd-f99c1e4214c7
b9abbcac-d6fa-40cd-97b1-39f3862d6a42,true,7174e805-4fd7-4ffb-a0d3-dc97452dbe89
56fd7a37-9e21-4b39-9bca-03cf165f0387,true,c003b16f-a71c-45e8-84bd-e0bbbebd3aef
005da5af-d0f3-4d63-b06b-e8ac15755090,true,6c741c92-6020-47e4-bbd2-1a13d0028c6b
3b14020d-51b2-4e9b-bac4-dc94a6cac0c8,true,2a12b307-cd31-4088-8b2d-b70640eabc3a
8bbbf71e-79be-473c-afb5-468451e2a961,true,c62dea9b-6974-4101-ba39-b09914165967
193a24d9-ff54-48e7-9b12-e82536fa64c4,true,2b6a845a-1bc0-4208-a1a5-c2a09171d707
e94d5aad-1c40-4370-bac2-d326d65d277c,true,0898dcd6-53f2-41b6-ba7d-b2f5122ffb44
63f880be-0ec5-45c8-a762-09d44a0dd4d2,true,482591f1-33c8-4004-bc24-29931fc0c630
835d3497-b738-4438-8e94-ece41704a86e,true,9318b2ea-9ae0-42b2-a7e1-353683f54000
cefcde83-7ee0-4a5a-9580-f32e3eec10ed,true,19121381-9f3d-4e77-b9e5-d3f59fc1639e
fad4d302-49ae-4ab8-8fa4-d0b832a3eaed,true,a1f8c100-f6e6-4c8f-8356-2bca7db1c11c
6483e48b-878d-415d-99c4-258568106021,true,8a1d3393-59dc-45d7-8803-7da9a4a9e059
adebdb14-ad61-411f-9dd1-ec5c9827337d,true,02992d0a-f707-46b7-be69-8747d3d65400
a361f01c-525d-488a-954d-bf51d6b1f743,true,dc9a6970-f22c-47f0-b6b7-b7d83888fa9f
71fc741f-3526-4ff2-b36b-b154796b3d07,true,cc3aabf5-93fd-4e17-83cc-8fe069987d2d
ec118e7b-c4ad-43a2-8db5-90dbeccecd50,true,4ce663c5-17be-46e9-bd5e-f855315d6d46
95adb56f-6d88-46e2-901e-6c885bad1ec4,true,86f6bab1-ca49-4a6f-a7f4-bb44161db0ea
ad93f4b1-cd4e-486c-9451-7ba5c4e09311,true,8c613083-6687-4424-a6ce-2e8606c5bdd5
f5531842-7492-4bcc-8fe9-3dff4a2aa978,true,32b1f37c-2d28-42d6-96a4-a3ac474be028
e63549c3-33c2-437b-886a-1a00b3c83ac1,true,684664a4-ea6c-498c-b3d8-85cba641b8a3
e1d17489-b79c-4d30-91b4-b2bab9449c69,true,3f87b365-0d1b-4caf-80ff-b3669edb5070
383c094e-bb9c-44d2-b516-a563bb59dce9,true,50d788f2-ff0e-4a66-977e-83dfaf9d1ed8
5f57c019-7032-4038-ad62-39821e89f43a,true,030426bf-3752-43e0-aee8-67b34044f4c3
4779705a-e34f-4d67-aa2e-9a33bf2fd824,true,5ea2b2e2-de40-40c2-bdae-41f27b8a3e36
f35a4d0c-9e3e-4079-a64e-86823f4c96ca,true,f9868520-40db-4f1c-89ba-b2dff6213e66
b3974a29-0f14-4490-8227-48f802b75e30,true,bc070897-956c-4011-b038-b9ccf624fbda
e471f148-962d-4314-9be7-dfc417532c7a,true,a79c4806-0568-41aa-bb0a-e1b3e8872fdc
dc1f5e06-e6cc-4c9d-88c0-904347548cd4,true,e80ba8b8-9069-4721-885e-3b80be457a46
b3920013-399f-4212-90ae-4c86af743c11,true,ec530d32-0652-4cfd-99ca-daca8805f548
b63b2783-689b-4ee4-9457-5db5f3c0c3db,true,8c3d6a59-5636-4e75-91e9-3f3b864d1bea
33d112c4-7edc-4780-9843-72ca3a72bacb,true,9c499c9a-888f-4948-b2a3-52c034deafdb
0940ac0a-483b-48b9-b6d0-f1c9cbff5086,true,336330e1-5a10-42ee-97d7-6f98471a4ed5
0104b101-941c-44b7-8306-e53ae5f1cd0f,true,c4097a16-e4f6-414d-ba24-476fea01f97c
559a02ee-2f9c-4347-8dcc-07e5d9b2560f,true,7d07fc4d-6c73-4136-a760-9fc4daa96025
d143f94b-0ae5-43c7-9d4b-06fa0389ae89,true,b825f0f4-9e2a-42d4-9600-599d35d00d9a
b7d9e8b9-44b9-4ed2-95bc-10a736788581,true,0589f50e-8c1e-43e2-979e-e6aed546c0f9
b8ce5e48-c0d4-4222-ae47-c8196c067709,true,fc29b8ea-f518-4ab1-a295-0f78e53d106d
23287012-126d-4151-b5f0-86ee8d52b029,true,f98c3428-0193-41a9-be85-7c269af129f4
2b0d96f8-21ba-40c1-9b1c-1b6ff74f2b7d,true,0d6c54f9-5013-4384-9747-26c936527b82
375c9b4b-acc9-419e-9874-46aba8010602,true,90bf3c92-2ae0-4ae3-83bc-4e1ad955c27f
243b8555-2c04-407f-9d6c-66c1955d0b8a,true,d922ebc7-8aaa-4823-83be-4a35fed8a7f0
bddd7152-301a-432f-97a6-60ed30221561,true,6a382c33-f5f5-49b2-9b5c-01275cd96455
4fa277c6-6b58-4eaa-bfa7-f3d5673f850c,true,22bf059b-bb79-4143-87ee-6cc3876033a3
fee041d7-ddcb-41a3-84f2-fa273944abde,true,2cfa29f6-7085-4708-8f3c-f85fa2efb786
6d971f9e-2be3-4d4b-9f21-70d06b15008d,true,868d6cc3-146a-406f-ba05-12c95e1f6dd1
4337284e-aed4-4e3e-ab63-abfa3bb04b40,true,7c7a809d-fad2-49ac-9dc9-7b7809de11b1
fbfa231e-081d-45ac-9351-d4189524d72f,true,87dc9bfa-6ceb-4864-8c07-3f38829fe36a
550e7ac4-cd14-4de1-bd6c-7eba94f89c86,true,4b1c0d41-3b07-4909-bd2c-09a346c86bc6
0509695d-88c9-4e9a-9a6c-ad2529f414e9,true,5def32fa-64fc-44ff-8c62-68c5d773b164
7ab752ab-552f-49c1-90c6-1e4fd30595eb,true,1c7aca77-f036-432e-8d45-36740efa5d8d
589b2833-e7c8-4909-af39-57695788d18f,true,bcded869-e236-41a7-a2fc-a303cfca361a
597dfac4-8b5d-44ff-9cef-3cec07ab24d9,true,f5eff6f4-2f8f-440b-b5e2-b06b49082998
8c7ae891-1ec1-4d9b-979b-da77b6bd58bf,true,2145a612-4699-45f0-8d72-fc69a64494c8
922bbca2-f67c-426e-a406-51b26b544599,true,16e025b2-0447-4401-af45-98919367b0d8
8388d43a-1b7d-4f35-a700-42c8c92913a7,true,1f3b7f1c-30e4-4a72-a55a-2531353302b9
21b1c34c-fa39-4407-bd58-3ce3e79781ed,true,14139778-f2b0-4c54-949c-4e0a604bb3b5
ee76228c-7198-4ac5-83be-0e84ec40ea75,true,14fb6509-e9ed-4f9b-9caa-ed7d1a07d338
92cd2a4b-c908-4339-abaa-43ce8d96d63e,true,6528cbbd-68e3-45f6-9be6-62d5567450af
d7fe5a10-6de1-4cba-b503-af2c9010a096,true,8e53a5ea-3ef1-415a-95f1-72e5c775ff65
e6b66e7b-693e-4072-a56d-0293cafaa0c0,true,1fab0a54-d80a-4e48-8997-61f11f496632
e9abc5df-75bd-4d8b-a8e2-b14d30f020cf,true,81ef9188-fe13-4da3-85c4-54da7ad3fb28
49a7ce03-b444-4918-b329-31fecbac4156,true,d4585b99-df6c-4f56-952c-58c335a479fa
c247726a-c24e-45ac-bf1e-a05277011936,true,60140ed1-17e2-448b-b58e-69ba045a3153
854ce238-90f5-49e1-b44c-2affb268e9f3,true,2025852b-6c33-4132-aa60-80a9e58e41fe
93c9ef45-49ac-4bdf-9a42-cd60d9cdc389,true,a56160ba-2e63-4526-90a7-df8daa82771a
5ebb83a2-5a73-422e-b9db-b5fbf82ceeb6,true,517fe663-908a-46f0-97a3-9ebc5162c57a
b17022b8-0831-40e0-80c8-40345f61b5e3,true,8dc487b1-33ac-44f2-ae8d-8d024874f5c7
4a8c722b-2c83-457c-a1be-12cd24ad15a6,true,a1863cd2-3d1d-4b31-a1b7-deecb23fec30
3eb6dd11-1a56-4b81-b28f-57b78713f426,true,49308c3d-05b9-4faf-9071-fab4855a68b0
1860c8d9-983b-4d44-a31c-a26ef52733c6,true,53224ba7-cf62-4d98-be92-00f96ed62b69
5f6d2670-266d-4d24-8b22-262b6fc98ca5,true,d366775f-94fd-4d3d-b32c-01ca78caa66a
138b7e87-aed7-472c-8ad1-1a19ea030131,true,9623b94a-593d-4b7d-ba0e-5e4d104a8476
b7fb44c0-dc45-4dc4-a8ac-e4c73295e301,true,0de90d1c-a4f9-462f-b1c4-b676c02ace2a
bf91adeb-d002-4c21-8965-70560b09b40b,true,697703db-922b-490b-9718-5ec09472981b
98779def-a782-49ab-a194-fbd008d2bf0c,true,0dc53755-c9ef-4cc4-8017-274e40aeff13
cf49f7f5-8448-4aff-8019-462a88cbb869,true,275f8549-c11f-412c-91d4-acc2cbd8775f
18f088fa-ecaf-41b8-8e3a-e9fe78116c7e,true,d0e285f6-fa0d-457d-a2a0-0c18ed1adda8
708ecd99-cabe-470d-b371-a9a4c260183e,true,d8769e2a-1b6a-4b64-b57d-89c0ccfb5639
8cf54173-28d2-4267-8b74-65959442161d,true,17a44f9d-5413-4edc-9396-d73163ed6852
4c38a7c2-5cb1-48f9-8cd9-c715002dbd93,true,be74662e-95ef-48ff-bb24-d404b57f52ad
d2c4ca72-2ace-4149-8d29-61a4e01e70f9,true,ff6cf5d5-6f01-42c0-9427-9e7211fb4175
26dc9079-5960-4273-bfa4-5eb5f76e4345,true,ead49ce9-104a-4371-9a22-05f5b7048ac1
dc2e2b76-de58-428b-9768-0d392d7e6bb8,true,a62b780f-b56d-4785-88cc-dbf7e379fad4
d3837c2d-d803-4dec-931f-5abe3c0d1789,true,faf0b3e5-9f6c-42f9-a679-465e121ed20d
db8f5f17-b8a5-442b-a712-c3c41685b62b,true,1e31238c-66e8-441d-bae6-7dddeb810ffc
bfd9de5d-f590-45ff-b804-c32b6ab294ee,true,d2721d24-e516-4087-9c53-a7f8235722a6
d6b31ed9-bd72-443f-8570-1e1f4adaf4a6,true,be9313e5-5f8d-4fe8-8533-d6ffe220251c
9137fb24-ef90-4f7c-ae38-a48d3b49929a,true,66a3740f-b255-4a79-a9b6-cad155bfdc24
7bdc5d81-bac1-446e-bed2-bfd48a0e1528,true,a32c9204-4bc9-4b17-9db0-428b069d1875
b3d1e249-8dde-4610-8a5a-21824393da28,true,cc50d2b3-f18d-491f-90a4-97099aa827e2
cc59d68f-f3a0-4ff6-a153-7845d6399c9f,true,6a9837af-0e60-45bf-b12d-b8f1ff58d777
3be4935f-3fe6-4e14-b4e5-ba3c0de1fdad,true,e56375bd-fa87-448e-855b-719a553346b0
c9ac159c-e7ca-4828-854e-e4898e597956,true,37066620-a2db-4b16-b0bc-f675aa0ba9cb
a6105f0c-0264-4961-858e-f6f4bfc923da,true,dd13ebed-062c-4d07-bda0-0125df46aee7
8139bff1-e508-44df-b0e2-c7c450fadef5,true,efebad93-493e-4eaa-a636-9818724f75da
ec9c5361-2e57-4fc4-8910-5c3d226ab4cc,true,d3eb801a-2a25-4e21-9e8e-a851c765b48c
f1b7d6d2-c08f-48cb-ae16-2f96de95d04b,true,cd12b065-a6bf-4c40-8ae4-4a7eb24c53f4
4e383874-e161-4883-a8db-949f9837dbc9,true,83979dca-cebc-46d8-b2af-49f06b5ac351
e16b8a32-1b22-4040-a4d5-fc828a041d4d,true,2cad7011-b3ba-49ef-8e8d-d27b7dc7ebdb
d93a0c73-5b18-4a6b-ac9e-7b314fc7ab8c,true,02fa0cd7-bda7-4bb1-bb52-f133b7ef81eb
6bb5517e-c755-4d1d-b655-5d877f908fa1,true,f7430be8-a1bd-43c4-ad91-decc85649a22
47149921-b260-46a6-ad94-5e59dbe70f0b,true,3103a495-4370-4fff-b0fa-f00c9d2dcc11
d832a0f2-3171-4906-869f-e41103834c9f,true,ee53d6d9-f1f6-4a3d-823d-e14dd3551046
67544dc7-a133-49d9-a3d6-149d086a7aea,true,0fb0da83-38b6-4824-b080-d175e5b1ba6d
c3c31d26-2574-4698-9828-19e13ce409d2,true,eb31fe6b-1c5b-4e85-a71b-a446dbeb066f
30c10f88-af10-42a4-8e72-271edea1f705,true,23d376b0-2236-4918-8cb8-669c5350b4dd
ada45bf5-b10b-4476-a7fc-a11b25c32a8e,true,965a9aa4-4229-4466-9042-bec5032f0d47
52e8dd50-6d30-43a2-ac60-009b86292801,true,a3cf6dc1-8c70-4aea-be76-ff9b57961932
47efeab9-9eeb-4206-8098-44b03d6a2b59,true,d00621b2-f353-4cc6-a32e-28291d5523f0
50d10acc-fe61-4041-91e0-9e300a172598,true,664ac808-7883-4714-bff5-287aa81d38d4
34cf5d5e-e22f-4200-8fd3-8e7a31657f25,true,c51ab714-d240-4256-85c3-de7e37c4970a
e799ae45-882d-43a7-96bf-2819e083bdcc,true,e9ca01e0-db73-4f24-9538-9445745130de
e578e12c-6feb-41c5-932c-e225c0d8cf50,true,373e520d-9ad9-4df7-aa56-930fae7ffbd1
4ddc5422-c5cf-46cb-aa1e-81a8daed2856,true,f4fab9c4-5e56-41aa-b05a-212bcb49dcfd
52182b88-9a3a-4b8e-871f-f29f12f2b950,true,4131686d-dcea-44ed-b6d4-3ba358e53e35
1c9817b3-dce0-48b6-b3e0-d8c5927f1656,true,38c7ea78-58f1-474c-a839-f4bf8b1c3b8d
acca25c5-46f5-4957-af91-8c0fda0fb4aa,true,64ab9e29-1f06-4dfb-bf10-51160e45edfc
9f8cce2a-f067-48df-b791-a07328149919,true,4c88e95f-39a7-4fda-bcfa-25f54e02a236
20c1b49c-ab52-42e5-b66f-08552b13b9d9,true,3b97314a-42db-4756-8496-3dfaf8b404cb
03803c5b-d734-4c59-886f-4b327fe94219,true,00222dd1-dc14-4696-8357-b1a9fc86f336
cdd4876d-2555-4568-83d8-8a7f94fedb86,true,f8405364-4f23-417a-8929-21eea4b269b5
6dbd412e-dab8-4472-be7b-6f24a03a08e4,true,38fb0f8a-8cdc-45cb-a01c-f8e2af7d2950
f4c2ada0-fdab-4d32-9ca1-8466754adb34,true,38740507-d5ad-49be-a2af-35ac349f5c85
3a900f3f-857d-414f-8f78-f50025566ce0,true,2dade718-dc4f-4c98-9614-cec0778339f7
ec4666f1-43bd-4a95-8a22-705ce9b4c43e,true,2ef686cb-501b-43ef-ba8d-87c0c066d6bd
e574c9af-a16c-4749-bf9d-0adbdd64704c,true,2e241567-1caf-4b64-b1b0-2e5433fbae6f
898c5f10-9e65-4f8c-882d-ca1e49986995,true,0dea5790-e8f4-4e05-ad89-8f70699feee1
6b011273-f5c9-4cbf-82e3-7a0064504716,true,7d506822-695e-4ecd-ab4e-d00f0d3f80b6
fe22c055-0678-4f7b-af98-7181f1b1cad4,true,a838dae7-c768-45b6-9ed1-cb3d65dc7b11
c2efab49-89b0-46b1-af0c-6ca1bcc1450a,true,12c1e704-6891-42b2-ba4a-783b118319d6
536743d2-86cf-4c6f-8bf2-7fd85bcc011e,true,ad9e9cb8-61d5-46e1-9431-b76869dba22f
73a20e80-4a77-4381-b2e6-bb0c2c7d8c9c,true,d6bc2111-bbe3-4b57-9390-a0ff00a3b6aa
9c04cbf9-20f3-496e-bc6b-2a780d1d0121,true,f641155c-9a2b-4f82-bc61-a28a60da1496
4812ae71-c86d-4e53-b576-0e3e6009b4ee,true,1ffe052a-3da5-448d-8a60-fabcd968fbc8
3f8d1e71-2e8b-451e-85cf-9d3bde7a12be,true,c1e8bd2f-39f7-4386-bb22-41bdbcf510ff
b1ee8228-fe3f-4fb2-b5e0-f2e01629b1b8,true,bfb82764-a8fc-44f2-afc0-86507cb26711
67ca7180-c076-420a-a292-3232fce87b34,true,40789eec-ce3e-4494-9455-995d92b61b30
7f813fdf-a739-4ac0-a03b-97c38d7764d4,true,f0e01998-bf7e-4fe8-8234-f81084ebed2a
548d73cb-017a-430d-94da-19269fadb3fb,true,c0c7062a-3754-49d2-9ccb-6def2180949a
2969e2f2-c174-48f3-9e19-2f83b8456b6c,true,bfde1d6b-763f-4be5-9620-1fdbb762d4f0
fe410bd4-af1c-48f2-87d8-98730c3b679d,true,1d9de03c-3d63-47b7-aab7-dbf56a9ce982
53d97678-3b9e-45de-83ba-0289f03cf782,true,8a833e5f-2dcf-4bbc-8936-d90ada575783
6bc979a3-3f36-41c0-987b-f67c516b6aae,true,0ee749b1-b1f2-444c-8757-f993176b09a0
9ce022db-ffb0-4ad2-aff9-8f39f934c6e9,true,ca943480-3880-49a7-b3de-3b921f2d427e
3109ff40-6939-477d-8863-d20de38c7451,true,6c37b7e1-923a-49f4-839f-b29b09e25d25
de0d13c8-f5d0-411f-987f-76ab7e7ae9b9,true,5d9b0835-fc95-4cdc-8dc8-e8b9c0a210f0
977262cb-e43e-47d2-8888-d784d31bed01,true,a8561fde-5a7f-43dc-bdfb-023353cfbd41
be4246ff-8fda-4c00-8e89-99649f90b2a3,true,fbbed7ce-f824-47f6-9a6c-3bd3d4b2015b
5c867f34-bf04-4acb-8bcd-3a46018feb82,true,a485c214-5342-4821-ab25-f9a4f9c11fc9
072dc111-544a-43e8-b871-d45c0cb9bc5e,true,b72aa328-746b-45a8-9717-4536cec97d6a
6bc76f6f-ffc4-412e-9792-53c651cb471b,true,8eb5a9cc-5105-4358-9c18-08ccba559cef
d5341820-c7b8-4456-b9f1-b9a569a044f1,true,b8fb9fbe-676b-4bc5-9889-6edfbbff917e
c539a0e4-73e8-4bf6-a964-982ef593eaed,true,748d966d-3b93-4846-b4d5-c3e08f5ce64e
0a956460-14f7-4ba1-a2de-c3323545a8c0,true,fc9df516-3648-4842-8ab0-74ad4d983584
8ee22280-3ed0-427a-b19a-c593c7658e0c,true,6bb1ecdf-4f9d-4ce1-8bbd-8a38266e6e60
7516737b-2803-4476-a53f-ee376ec7358e,true,10725b82-48c6-4b04-aea5-8f042f825073
537328c1-ed88-4f04-8659-aeb6fdc8a808,true,64745394-66a0-494f-94ae-9c5d55cd5258
c058b356-514f-45ff-99a9-64f8ca2e8673,true,deeb567c-cba9-43b2-9765-f6ea9f8d76fa
de884a5d-5b45-4ecc-b6ae-d1b891fdb409,true,63c5ce35-3666-4523-ab97-512df0c30d46
57dbc6f1-96de-4002-b0d5-560b0629233b,true,ffed25f1-d0f6-4e05-8566-58bd49140a99
1c8f1649-90e2-42d7-a689-0b4cb681296e,true,5f8b7697-e8d7-437d-bf6d-4c5a54074968
a1e2876b-7e46-4529-b5ee-bd1b7f486d67,true,fba556be-c862-4243-86cf-e51008568979
d8e0e10a-8847-466f-9495-a9e688d141e9,true,9d6ed640-acc1-43c0-9164-4f8da0855e70
ce6e90d6-bea5-4612-a2f4-2b6c05f51fc8,true,3b1d848a-9e93-4550-ae89-92b7ddda4ad2
4959194a-50f4-4ea4-ab78-962942a3fb98,true,4fd8cfa9-84a5-4f46-8910-8f4c83627402
1bf02a35-9318-40a9-b45e-ccfb7d40f7f7,true,55149c9d-f269-4df5-83ef-993110a5c18e
b27a48dd-3a5e-4dc6-b946-8317ca75d020,true,e33f8a8f-ac0a-4589-870e-96a1a67d8c50
27c81a03-f289-40a1-a2ba-865899873cbd,true,12f5b70e-03ae-4a58-9821-327f0735f1c9
d9c31976-ec1b-47c2-aeec-ae06e5a8080a,true,c3a5980e-e9ba-4bf6-a725-c2e2318e912a
6a83902f-d2f6-4be4-beca-07c62f245613,true,5039d43c-ad46-4df9-bd08-2bac18107908
ff0cca6b-fc69-4a98-a656-9d2252c8ab8f,true,a451902c-6cf1-4d0c-9aef-f40885efc66c
5e694599-e06c-4dc5-b410-449474582b5c,true,881ef2cf-9f93-4cf3-aec5-61885e0c80df
661eb7b6-bf7b-4493-b2f4-af849bdbad42,true,2722416f-9ce5-461d-8c99-07a19b93d9b5
c5b0ad55-0358-40da-90bf-0f36717e42da,true,387beffe-b185-499c-b745-f68147ab5894
f50de6e3-819a-4ab0-8742-30b3270ec2d6,true,61f0454c-f005-4644-ba47-0b1c5b390dd7
b4287111-7bc1-4f0d-a03a-a279cb4ebe0a,true,ec91196d-ee29-47a3-b4b2-522bc0734184
9745626d-482c-47c3-ae8c-539b712ddd13,true,0d70dfdd-e208-49fc-bb55-4e9116cf75ae
ec401645-1313-4699-b375-b55c3263fee3,true,0e4fab1c-6920-41f3-87a6-dc321402cba1
cd27ef55-4014-4a39-b4a5-214dfc6fad9c,true,28b55d2e-e000-434b-b62d-e3c66f2cccda
c2a2b491-b645-4131-9a6c-53e7c4837b04,true,255cc743-a35f-4082-9952-543b648dd5bf
46d8d905-d64e-467f-ba08-d854f5e6eee4,true,699a0f02-5b0e-4b0a-b793-fa4d475c05a4
0c061d84-a85e-4737-8027-71b116c8b511,true,58aa5d14-8ca4-4df3-891f-04b8dd896038
19e21a05-bd32-49bf-9322-b4dbfb42bbc3,true,8b67b816-e255-4aa9-b944-f695450db78c
575ab980-d9b0-4ae6-920f-d86361c90cf4,true,aa616b1b-88bb-49f5-a013-6c4b9c04cb99
88aa03b5-f813-4761-897d-2e112389d272,true,6845c15e-768e-4b2c-ba84-b414d8f43f7a
8fcf0a89-5d82-48aa-90ea-dfdb94f53e8c,true,4492c2e4-2e3f-4767-8dbb-966f51f480f9
44093df9-3e27-4517-bff2-63fb714995ab,true,721fc42a-0b22-4de6-8076-fe6fd9e05b33
7e899cfc-4ace-470b-9aa8-b5d1b2261097,true,565fee7d-5cb3-4477-9e6d-a262abf4692e
b4589b23-cd2b-41b7-8f67-b9dad55e780b,true,4b3c5c16-b071-4f3b-a497-2b9666f48663
5b938c91-ad7a-4946-adb7-8d9c60fd868c,true,5e13e1d2-9b90-4a58-bb27-05fd3e66b073
82f23262-3bc2-421b-bce8-f931246adbee,true,f516464a-2fff-4f16-bd21-0a5744c7bcee
640c0098-a351-4d7f-95a1-3ba349ba16a4,true,826f2630-cbaf-4db0-9231-3786c04d60a2
a05e743b-e57d-4f0c-b4ae-0b739fa1a115,true,31762575-da08-4947-9dc4-630c9d1e6f85
64b64f02-1c2c-4509-96b6-124e89021058,true,3aebe557-cb9c-419c-b846-b7aea6e9c4da
3dc803ab-ce93-4751-98b9-0ddeda9c5d2c,true,fffdf129-6ee3-4dfa-9e80-05458569232a
900492b1-6f65-4b24-810d-1b98f6869960,true,87b7fb0e-b3a8-4513-8adb-b59e443ca273
fef628ae-3d5c-4e42-8571-3e3fd31560c6,true,c27c6d13-0448-49f6-99d9-5c12e1802ba0
1b1bbcd0-1889-40ab-993a-f8e551a09006,true,c445b5fc-b5dd-4eae-87b8-e64b52cbca06
fd7d519b-8000-4e1f-b115-1257881819bf,true,71f9f282-19a5-407e-8959-b8ab5c309750
70ebc3be-f132-49c5-baa3-2bfd8d1aaa40,true,6c94d8bb-1d95-4b09-9a67-3813b334ea4d
9ad9df03-4507-4d0f-854a-a86af064b458,true,323f56e6-8682-486c-8047-e8118a356419
31d2a5c1-12e4-4427-97e9-38d4c7f5171f,true,fbbee626-42e0-4fa8-95b2-16c96adb456b
5a61853c-6ff1-402d-9d11-b2eb66bae0fc,true,aab12b9f-b05a-4534-99a0-dbe52cf8ecff
b87aa543-1a25-4663-970e-78f895ed022a,true,b42551e9-7359-4a85-8cfa-d6e025ecb4e1
8d883f23-c420-4253-b38e-7bc80ae37ff6,true,9135a5fb-4527-4be1-9f7d-382c165d14d8
a284df02-3bac-4386-959a-78ec5cfef71a,true,51e63516-1093-4687-ad32-b5936a2c79a6
d265a1ae-da2c-4fe7-b260-5bee372289ee,true,7fcdf7a4-dd72-47a1-9586-b1822004eb2d
e428ab4b-a192-4863-ae30-96892ebc3ae5,true,16455ed4-2dad-401d-ad94-1fbab7a11afa
fafae2c7-120f-4cb8-bf67-ce0c3d37da13,true,73dd7466-2ab8-4d13-90d4-149b69224662
19a25b62-417e-444d-955e-04b50a6fa7eb,true,d1964f8c-ad6f-4c7e-9389-70588a0e616e
a88f2c44-8b17-492d-b3ad-3db71ed1cee9,true,38d762f5-f1af-4b75-8776-eaa8577e9806
b713deda-ebb0-4c06-90aa-98f2b058ae75,true,0167670d-42d8-4c77-98c7-cd5380d27fd2
a097ebbd-57c9-4a9b-85d8-af5b4f2cc72e,true,cfe50b16-e2cd-4279-9bd7-17e5eba44d2d
6809984b-ace9-4498-8806-955d831ed3b2,true,ffed5a43-65a7-49a8-9592-164939a06544
bf9492db-b895-48ec-83ea-df4cb292eda5,true,dda85716-9104-4b60-a223-381bf2fccdeb
527cca51-dc93-4891-a845-1fed2fadf8c4,true,54f49f59-8036-4c62-b35f-ca7aa46be30f
ba776242-7b24-4bb3-a0f3-3d0c4b41ad84,true,4ad19e97-2764-4b35-a2a0-2a666a189f24
f7915e7b-66d3-4661-8944-7eeb2f5d03e6,true,a2ae1aea-e899-4af0-bf22-4212cf147f61
5bdd3df3-d6a4-4bdd-a151-7241d10abd75,true,0b4f9f8f-7fda-46ee-95ff-3aaf85eb5766
131c5ad2-738f-4284-b1fa-5b5b18565f6d,true,75f1cd8f-b30a-433b-9b61-c3ed35904e01
5350e19f-1077-4ef8-8325-ad72bb2c189e,true,5ba5a715-7abb-4f9d-8223-ccc003779f46
cd699cc3-6628-4850-8474-6dee5f4e6654,true,d8e383c9-b734-4cdb-8f7d-069b8c3b4b7a
11da4d9c-f8a1-4062-a61e-7e89264fbdc7,true,74dae252-d463-47b5-b82f-2039f9cf063e
5943b7ef-e377-4527-9534-4ff70f0e5c5f,true,77d57efe-f67d-429e-8a21-c6a9a6b4f3c0
120a5ca1-791c-452e-88ba-23050a110d79,true,587d7728-3528-446c-a32c-5d4e364e9073
1f9c1cb8-a9bb-4fc0-bd1a-08257c34ea61,true,26acd68f-32ef-476f-9049-adbd12266508
bb1ae45e-9e71-4bad-baf3-f13cbc240d22,true,79ee6b48-3e88-426f-ad3c-911f4ce29fc3
d92ca584-b3b0-49af-b144-474b8dd97daf,true,b114a6f9-dbb6-4816-9cd5-450205f61729
ec52b4e5-ad89-4792-ae03-f4a114921d21,true,4f39426d-8335-4104-94e7-741988e1bbe8
857493fb-15a1-47c0-8686-9a41901625e5,true,19c20c4a-31f8-41ad-bf24-c6453803334b
aa6c0fbc-dabb-4705-8526-f102761bc51a,true,a5a17358-cacf-423b-90c7-b198ff70ba52
14a8df0a-d2a2-4db6-8b66-52737985afd0,true,1495e869-d5b3-4b7e-985e-5980e9f876dd
240f709b-2a1e-4b34-a9e9-1b0edf6f6d40,true,5c149191-51d3-4e01-819a-dc95e593f73a
8489fb29-1993-4917-9cba-a480ab8f7c03,true,956f87b7-0a3c-4d32-a2e8-d7e5d9042306
a895900a-9ee0-4d89-a4fd-b7bd9834e9a9,true,6a77ad09-5a20-4fae-893e-25ad2fe21990
5e2f0d65-fb74-4753-a5c0-3979f410ffd4,true,66788ada-dfb9-4feb-bacb-e066768a5667
b89641e0-6f00-4c2b-a1f4-2d9a889279a9,true,65c34fda-e3d7-423f-a374-7251aa1f171d
df810c24-f0b1-4839-b41e-08705d2e92e6,true,8ec528ac-b6c0-41e0-a121-d03eafae3de6
fae008ea-bb75-4fdc-b1ef-0db16e8fbdfd,true,df3b65af-0215-4e3b-931b-e5d01b26e811
e4b12862-47f2-49f2-a932-7a0132630725,true,ecf1ad2d-0bbe-4334-b16a-8c40edeb39b3
d923dfd0-e1fd-4e0b-85f5-7743ba767246,true,8c26e941-8865-4a2b-8de1-6f9d841348ab
71ecac3f-7d70-43c6-859c-329b60364f27,true,295db3e3-e35c-46c3-8702-e9937ae531be
745a6e6c-e14c-4ec6-a9a3-2c84afe6aaa0,true,fa664b2f-d4a9-495d-a2a9-803bd469c981
f2dc3584-b107-43ab-b7b9-b48a06fcd798,true,51cea711-2f50-49fc-930d-e63c70950a2d
cf161008-cade-4154-b7e5-eac5e7b4d4c3,true,a2c1d71b-ea6b-4239-9027-1e1ba47664a0
abb11326-d764-4934-8da4-8528b539e837,true,f520b9af-f05f-4686-b210-7203dd845ffd
bcd4102f-7ec7-48af-8ce7-4d320284128f,true,229b99b5-e5c1-4834-9f4c-a74f558d16ad
be73b8b2-8ca0-435e-975d-3974894d9b3b,true,3c8a1e40-b927-412c-98a1-2d16e8d8782c
c348c660-fd48-4607-9d8f-b86d5e1ffb27,true,d3c354e4-6718-453c-9fe0-dc65b2830078
afc60bcb-6c74-4c38-9543-3c584b237db3,true,fa5571be-4d67-42ea-b88e-901c598845df
84c75590-2d63-4fea-b46c-1b7b944da7e8,true,5cc424b5-f4a1-4d20-bbfd-aa89faed48bc
3e738294-4d3d-4bb1-a4dc-b8b6d82a2dac,true,256b2a8a-4666-41a2-a0df-e78b06be87df
0740f8bf-e0b6-4278-aa2c-d235c3b5020d,true,6bda98ef-4b8c-48db-90cf-f77b95ab067a
5865ddc8-768a-4c49-8d6e-67b9e9f46191,true,04e72574-f74a-4445-b59a-8b26bba29078
0bfeab1a-471f-486d-90e3-f34b2e5b234e,true,54ddcd4c-1ef9-4ee6-98e1-bb0eb0e6cd68
878b4ddb-921d-46c1-ace3-309d6f8d8fde,true,12949953-62b6-4190-8659-5a4b96600289
191dd371-b5c9-4525-98df-0e0a6bf23188,true,cba547b8-f3bf-4cc4-9f61-5ea340488b51
02b0a38f-b799-47cd-b9c2-a5189f08f675,true,afe3f2b3-9e41-4fce-953b-af100cabe9b9
7998c021-84a9-45ac-aa5f-b3c2504408af,true,bafeb50d-52ae-4347-8f7d-bb89ce284dd7
945bc4b8-4a8c-4be7-b462-40bc61acf56e,true,405f71af-c612-4c03-a7bb-be2dc038034e
de9fa2e0-6ea2-41b0-be43-882d896d855d,true,2060a34c-3ec1-47ba-9840-d1b3bd9e0728
52ef4ffd-fabe-4167-810e-4e57418ea3f8,true,0345ea0e-b7d5-4622-869c-3c0ea1575252
54fe4dff-3d8e-490a-bd97-1f9055d19faa,true,8287aaf7-7309-4565-af27-2f28146bd51c
5df32f86-e812-4a73-a844-7cdedb85b7a3,true,b2f28f98-3234-4ae4-b426-100692dbc7a3
59fbba3b-7ab9-49ad-92cf-9d24db4d443f,true,63aa9432-3f0b-4bee-8767-5333de1a130c
ae10f9b3-4c11-44c5-b2b4-5fe062156ba2,true,3b005360-59bd-43e5-9b94-3d70ef5fa050
df539df0-2806-4d14-ba27-af6a39608c8f,true,88e521d1-f12d-48e4-a761-94802ac02cc5
8fb4072b-5824-4505-93c1-7f4c2b7eb973,true,b492b0b3-2578-4ae6-b723-d515b7b88480
8f6ab6b2-e82c-42b4-88f2-13a0df48d41c,true,fcf586dd-089b-4d9c-97b5-999d6ea685f2
d9aa6dfb-6681-47a4-9a53-58cd2b5df5ed,true,786d8bcb-610c-458e-870f-20255ff15840
d8573d32-8c5c-4f4d-8f1d-c721287e8be6,true,2145610e-ee2c-4670-b940-09eb037ef70d
ad463fe5-2864-48fe-bab8-06e35b5afb6e,true,3efd12d8-7c35-437d-b814-ffee4709d32e
9e05647d-3e4b-41ce-aad8-94f7a4d8763b,true,f8062f16-33e8-427f-9f12-50b402cf63b4
b58daf2a-d2e0-4d9e-8aab-cf2b19452bfe,true,87f95d59-f76a-4f08-b045-833022f40178
eda89c52-b31e-41c5-84ea-3981bf97c33f,true,3df9fe69-62f6-4a71-a964-6f76c331ace1
8307558e-ba07-4743-8288-292a34f50431,true,05ce6df6-c309-41a4-80ce-de5ca3dd5527
446fa74d-d200-4984-9333-627d2be4e4a4,true,44392f5a-1a59-4bcb-9951-ee21acaf9c38
1c31a67d-c124-4bec-bb07-09ce32095255,true,ca323a70-f70c-4717-895e-4804ffc11b14
4d5f8269-6d85-4e37-a9f1-d1323fee29a3,true,e9ab6ccd-290c-4b42-9207-0f9e30da146c
a0006d7a-0de0-4ab8-941d-aa76dfe923cf,true,7aff9635-16ce-4ebe-961e-1cff8b801b07
8247b342-2248-4ad1-9817-774472731020,true,50f8fe06-c222-4358-9266-f0d231b406b4
855d5f35-57fd-4982-9990-e25917bfbd24,true,232b1ee7-6914-4982-8833-c5ac51bf8aee
106554eb-7964-4fdc-b8c8-724c1c89028a,true,0ac095df-b617-445c-985c-4a9f5b7d5707
3db5b106-4f9d-42ee-b837-425bd89890aa,true,35434f9a-2553-4ffe-9235-b03450f8044d
f8e35b5c-407b-41db-88df-137a46465814,true,6a56473f-62fd-4e68-b778-80a13fa2bb0c
89a5fb01-4b67-424e-a2a5-f75750848757,true,20804f40-b9e4-4bee-bcb7-e0efac213507
6a44dd27-6268-45ab-80ff-1b750683ad04,true,15f8a8f7-a325-4d7f-b150-58bd6f2f0a79
0c850959-6812-4a82-b19b-430f756a85ad,true,9e4ef662-8cde-4e31-9df2-d87738eba569
21dba0ba-7a73-4025-88ed-1d497be166ad,true,88ce562b-99b2-45c3-9fb9-c4d4d9add3de
11d32fc5-0f61-42d9-bc67-40b1804ad9a7,true,db6348e6-cc52-40b9-9982-d4579bbeb3cc
690630f0-81e2-48d6-84f7-1140e3275667,true,4881e1fc-9f0f-4cf1-bb73-a78dd9fc18d8
70ee2837-086d-4ae8-a4ba-fa49fe4140f3,true,a9f8f42e-532d-4e96-b2e7-9b6114eb3d70
338c8407-0c97-40bd-b3ff-795076a92156,true,bbcd18bd-42da-489a-bf2a-3ddb40098980
270d1ec0-a839-4250-b382-bfc7d9308225,true,9fc5d278-661a-4428-95e5-e800b84fbe21
d9ddba99-f63b-4034-9577-62491355aeba,true,467381fc-73d0-4224-9336-81d9c122cdfe
6b9a925c-98b5-4a2d-b268-09a83687dc17,true,bdf78391-6d8e-4387-b607-896c7720ba27
effb300e-86a2-4288-8f92-95d1f0a79200,true,5af45f25-4d56-40d3-953d-01404b00b117
49b4d4f4-b708-4284-b02a-b3e85926137c,true,ce8cf3e8-e447-41e2-a89b-345ba3de4ac5
259a599e-b1f3-423b-8e05-83deb0ffaeed,true,1da6cb9f-e189-47b5-813c-f724d0e7a94b
a4d3d67b-2094-479b-9da9-c9eb307d9517,true,2155ea5a-0926-4d65-bd3a-757fc2c3f01b
a3cff9e7-1a78-4cb5-990d-78494fa6210f,true,ee5fbb31-969d-42a0-8b77-6fc12006d14b
ef0ce07a-415a-4bf4-8ee7-f5ec04eca8ab,true,567b51b9-df1a-40be-9f9a-d20e9fb9def1
71d977b7-c91f-484e-a2a1-04440d9df8a8,true,c28616a8-5613-47d9-b09f-18be9bf33053
156fbec6-46b8-4f3d-82a3-83da0ae025c6,true,7c74f3d6-c83b-4cb8-9aaa-3bb156213aec
51505448-24c6-40d9-a4bd-90e5ef320c68,true,519cb67f-4937-42b5-a4b2-746b75204dfb
1ca203a0-e1c5-4b90-b9b2-6e9fe23cda2e,true,81fc0f2e-f60f-4228-abed-ba81a5be97f7
625d6222-abb3-48aa-bf27-97ffdaa1b7ad,true,6f59f2df-ab26-4211-977f-6766c4244c5c
0b4d351d-34fa-46a2-a6dd-4e34cedd01dc,true,67796963-dac5-4014-b247-c017b94e213e
7790bf75-7b32-4649-bae0-992e7150d464,true,e61e1047-4ec8-41a4-89b3-f14cc9af8db6
3adffb7f-d898-453c-a4b3-a2651b71d386,true,5640ccb0-c845-49f8-9ad3-aeb5532ad6c6
b627e035-cfdf-4b0e-822c-253a199016bf,true,f13d6c8f-0e56-4e76-b3a7-286911119ec6
b4ebbd43-fb1c-4a15-bf1f-90a44e4f7a76,true,a405d877-d001-4f21-863c-4baffdc96284
9a0b948e-5d24-4368-af1e-b15b55cc1445,true,9d5c989a-766c-43f9-b5a7-170ac0619683
db48607c-a15a-4599-a5f0-9f2a540fd34d,true,c4a9be5a-ccaa-4828-a313-baadcf665a0e
0fefaaeb-2400-4528-a746-cebfea751dce,true,6403d62f-77da-4aa6-a244-41e27b9d35d3
0cc2556a-f839-4935-b045-1df4f921e185,true,ddcaaa17-e99f-4d26-b862-2513a96ed5c0
6469cddf-d118-4a1f-86b8-1ff5115acbf2,true,a53a5965-95f8-49fe-bdd1-9f9ef3381efa
71ef8382-be58-4c1c-ae26-0313e601f314,true,09dc0787-0cfd-47f9-871d-b3fac8059866
c3fbadb4-ed54-4702-85a5-3d42b0ccf472,true,5692d9a2-d001-43c2-b709-3810e3d28cee
f909dd88-6eff-4aa4-b934-98a648c4516e,true,830d4dfb-2452-479c-bd3a-921b996783c8
9209a89e-c702-4c09-9e6f-a540303357f9,true,e324b836-9ce8-4acb-b29b-26b8b3e75593
a001a6bc-b273-4e29-a920-2c56999f831b,true,ebeb9426-577e-4ad3-a7c3-e7713ee1d6c4
54ab7d0c-2f39-467b-b121-f42cf58c963e,true,c23b7f37-b10d-4ef4-aba6-8374fc3420b6
c1d191c6-295d-42b8-83b2-b49ccd9ce4fe,true,8d05923b-e32d-4eba-b710-6a5fa2d331f5
b29c8a4a-2160-44ec-b064-2f278deefe8a,true,97601d18-c404-4b13-8468-72bf907e07d5
fa148189-2879-42db-a29b-0dcda60ac691,true,688413ee-81e4-424a-bac0-47ef39a97bec
dc6fa8f2-897b-42a3-adfb-cd565c8767ab,true,b4506373-af74-4d37-8303-91af4ba5d98d
425c114e-d451-4e02-b3d1-76c26fafff29,true,fee2b6ca-599e-413a-a554-8d122aeac5d7
afc4790d-a620-4437-a5b1-339049ef06a2,true,82167476-8199-4b18-b2be-e1d6e7bfb793
e6dcdd3d-85be-4f51-a295-c157185ff576,true,c9fa1c53-9e83-44f2-a5ff-988765918deb
bf9350bd-bc88-4f0c-8839-31ca57202739,true,63a777bc-9758-4b13-9e00-ef881c73cb4b
5c50ca80-0de3-4385-b34f-cea1f05361d5,true,5a585b3b-d9b7-4911-85d5-dc5c4240769a
7857326d-220f-4505-ad00-3286e750eb7f,true,6f87349e-8f7b-4f1f-8590-bfb9d2efb1e8
3952406c-ee48-49d7-badd-dade7d54e676,true,7a80ac3d-374c-40a4-a289-e0eaf7d8ddc9
97a9dc99-0f2f-4feb-95e3-13b8bca5d22c,true,9e04df1b-3ebc-4f20-86be-ba7e80f8a312
50a75883-0fd6-41af-b68e-6b250fc1d23b,true,5f507d90-abb2-4e63-9a51-f791157ecbb1
a2682ad3-52c7-4df6-b988-4e5359bb23e9,true,d177d467-ec07-46be-89ec-c669fee3aa70
40f5b3d5-bdba-49d5-91db-280d6a80059b,true,6d598b62-370d-4dc4-98fc-b54d69507876
7fb46576-9ca2-4851-ba31-80ae6ef62490,true,c2047f22-a37b-4fcf-b328-b2b02eea206d
0bd341c5-55fd-4a81-95fc-40c5bc1202af,true,f812bb07-2302-4775-86d6-dfd59d313c91
67e76b70-c964-4c9e-9c18-98960d16283e,true,555cfb33-f20a-42aa-a38d-82dbc18403ef
de2bf7a1-1dc8-4ebb-b540-93b89d6bf1d5,true,3e37b4f7-69b4-4f5a-b8a8-0c40e33dca0a
a1d94cc8-88c8-4aec-aeb0-015ca779352c,true,94a980dc-cee5-4200-b9ca-3f026ee7230d
729ee95c-013f-446c-8ece-c7728b0307e8,true,02a89d25-039e-47f0-9929-17b181b40c86
8115a883-e19e-4127-b268-af12f547782f,true,f7789700-1704-4ddf-a18f-cb942b6cc483
b586c2ab-2137-4182-a78f-46ce6791d43f,true,cee87be6-ea93-4318-b814-b052d50ab26a
fd366bcc-75af-4c23-a51d-0024c4bf75f5,true,fb7572a1-54c4-4472-a6e8-3060b6f5f79f
13422402-598b-47a6-a345-11ae551937b9,true,e8e0d954-af90-436c-a43a-74fb98892625
3374fcf7-2005-4594-add9-dd942ffa8ab8,true,297aa9fa-a004-49b7-a917-f19569510031
20ba7014-cad3-4681-8489-65bf2a3a48ea,true,bdcefb55-d8c0-4497-b716-84ec3fa2365b
4c908a89-1bc4-4b1d-b895-073ebcb90b5e,true,6b8498ed-c3dd-4202-87c2-77e3eee14952
d55ee445-15da-48dd-b255-a3fb6f7699e7,true,9090d96f-dd3f-403f-a058-94ec6383b7d5
cbcb3699-9ad2-4dff-9e94-ea18c52d755d,true,da50feda-e644-497f-8d97-f1ff17e0c047
73ae4a4a-ed3b-4f40-a072-d89bf9e028b0,true,570b2fad-f6ac-4471-a2e1-a5f7ca699fe2
6163a673-7579-475a-8c4b-76c588a7830f,true,9552324e-aeb0-4f8d-bf39-f4108994ca68
3abaaa3c-658f-4273-a26a-92a431a137b1,true,d195fe87-1517-41cb-b5b8-9ea4e3193457
995ccbf9-b63a-426a-bc65-e2c0edf4d32e,true,e5b8d63d-4b28-426f-aca0-b0561418ed17
656c9689-6add-4432-9d66-60999fe71173,true,b40e0361-e46d-474a-860b-8ad7acfc96da
85a2eeb5-e420-4083-8f57-aba692c191c6,true,742c4f1c-e163-47a4-9dff-b82dd940ef03
1afe27df-e309-411d-b26a-2ca8d35ce217,true,b008dca9-8de3-4c2a-94e4-29fe4f2428c1
69c0ab89-eb4c-4302-a991-d4dc4f03cc7c,true,62addadf-63a0-402f-a6ab-20f5b59fa5ea
78479112-993f-4787-aecf-59fa03a8d6d9,true,030dfce0-2083-48ba-88bb-cf94896c8539
3c43c37d-088c-4e9a-a7d7-4ce8c73811d2,true,aa7fcafc-501d-4597-9637-a35f88a05e47
ab65eafe-fbb9-43e4-98cd-42729235bdc8,true,3d859e6a-b62d-45fc-93a2-13a1e3542443
1c7d1499-3125-439f-88a2-e3cbb1ad11bf,true,45abfc94-5191-49e5-9da7-f486c1fcc7d7
33c4aafa-c228-4826-8f3b-433629d4b45d,true,8f7ece17-21fc-4de2-adb1-2613092ecc7a
9aac9310-345a-464b-824a-5d728a44bf5e,true,bfc8c6d6-f05b-43a9-81c2-3359ae42ed20
8c8bae2c-b999-4072-826f-99fba7cd47db,true,a6e34b4f-4df8-4c43-afeb-eb3f8d1a09ce
0b405da0-b403-494f-80a8-b40189f08b63,true,54196b80-65bc-48ee-b995-5747cf508bb4
8c40990e-e8ae-47fd-b71c-4ceb00186a06,true,4ceb5126-de33-4ee6-ba2f-a851f86300d7
91c9ede3-0d4f-4550-afa9-e1b6ee4c4727,true,0170d0d9-958a-47b4-8980-ac72ef93aff0
330fa871-d227-4c3c-b13d-00e41497103c,true,ca470d0b-3e8a-497c-87e3-a1c236316f4a
7a4f754f-4cb0-4d8f-9ba3-05164c829806,true,e9ffa189-38d9-4509-9001-1f1686f21cde
cfe57e02-cf79-49cb-b24c-77ab5ae66483,true,6580d606-634a-4d41-9c99-809ca3b16baf
11a35096-3516-446b-b1b6-3b5bc5fa0b42,true,9a3d5dc8-e053-4ccb-aa75-2f8d462e590c
c89b650c-82a3-448a-bedf-4ab581d13876,true,83e7d3ea-4f97-4226-a18f-62620c5e0fe3
81d5414f-6048-4f8f-b5fd-4c537531c5c9,true,56123b98-a466-4154-85c4-44fb4b4b3528
5d927af6-caf4-4115-85f0-493aaec12e3c,true,689cc174-1612-4934-aee4-b91fef8613d8
7ea66263-641f-468f-9fe2-d301e22870e5,true,e3a84fd1-07f4-415b-865b-c40a3865f0a7
65f06f8b-f294-42d3-9567-aa3545f97768,true,e39a0bc8-e11e-42bb-868c-bd7db35813ab
1989d843-92a8-47a2-8b4e-999c2189fce9,true,234db196-1b7b-44b6-82c0-2060ca2428ee
4fb3e60b-3f64-48f5-bd0d-fc57b5e395ea,true,1a622aa1-e3ab-4f0a-86b4-93e4ec3e6d3b
d970772c-da2f-43ea-8dfd-47615a5ff25c,true,91875ae0-91f9-4ada-a654-9ab441145d27
ed397255-b25f-460c-8c40-52aeaa658f20,true,da0089fa-0eb5-4c5a-8d03-59fcac917d2f
e7466a24-aa3a-4947-b7b1-ba6aa696968e,true,5c5aabe3-80ca-4dc7-bcc2-3d1c3b141302
292c33f1-295c-449c-9edf-ca0b6462684a,true,2e6f009e-1bd8-4848-b1e5-e04373778db3
fe91be91-43e2-45c8-9c09-ec32b8f9e0b7,true,010f5275-f8db-4c33-b479-f402b544b5e7
b1a09671-92ed-4f4f-8f7a-3cd18c64e6fb,true,bb6ea4ca-63d3-4702-8312-10e182dad542
1b8c996d-07df-42f5-a1a2-b6838968b703,true,56690a08-20e8-443c-bd78-e1cd6c1fbcea
f85557c3-8144-42d8-bcd5-2d6f9632ad77,true,5a9fbea5-6b06-4454-b8ec-3247b456b50d
1094ca35-b770-431f-9f18-4e391a37d227,true,ad2703e7-6c9f-4062-a3a7-efa6c719793d
e51871a9-ec98-4530-ad33-e169b9795010,true,a98aaaa0-3391-4dc2-81d2-af22807c8bac
2e397c67-864f-4433-8646-883aa520ac23,true,175ec1bb-9c8e-4cf2-99e3-b7459da30a3d
b2dc2d0d-b884-4ef0-939c-f2d620cc68bb,true,e711133c-d8e2-4695-b755-129bcf0fbe6e
1f7e57d2-d3b9-41b7-b1b7-445e71ba20d2,true,9428ea06-7930-4f60-8ed7-e7733bae62c7
ca96dd3f-783a-472d-92b7-7cc535b33eaa,true,033e068e-06a3-41d6-8ab3-66092565a9f8
770a1a89-6451-444e-81b6-2661c849381e,true,7c885590-33d2-47d5-8d1a-9b4a9b221d3d
21913f26-0c1b-4043-87b8-935d6c3ec2b8,true,596946dc-a815-498c-ba73-c5e751021487
4158dcd4-2eb2-46fc-841c-7b122ea21e5b,true,ef23d6ea-bcdb-4b6e-babb-14b5e6aa4605
3d5e94f8-fef7-496b-b746-2b930cc21170,true,ee449c46-380d-4959-871d-1983e6a9dade
6ac350e3-52a1-4041-830d-8c716ae2be51,true,1f3f5b51-12a4-4a51-b838-d0810b46875d
8313f1a6-6d0e-4788-8552-43d42dcb7e80,true,ce0d51cf-eff5-4c1a-846e-970002f56ffc
bae7fd26-5c2f-46e2-94bb-5a1f1fe5dcc1,true,2eed9020-7f0d-40a2-9d85-02809790f892
2804b842-b489-4d13-80dc-87adfef43a90,true,c0b37865-3cc1-4eb1-b7ff-0f2b965f1b3b
3be77d6f-f12c-45cd-a510-d97545070082,true,6c8e217c-c77d-4350-a779-fa5bf9f5958e
b1a175a4-a832-48cb-8ae5-f0e6144cbcb0,true,912a6df4-ee51-4739-8797-a96778481273
a907c9d1-4619-4256-931a-a036df37a492,true,2bb23a32-cd73-4bff-b263-f0ddef598cca
cb33d7cb-1899-4e52-91dd-b569e791cdaa,true,3aa5c8ed-a671-4db6-99c1-649d89cd2c44
4057e32b-7289-4c55-8027-8d06ab89791b,true,843017a4-f6da-452c-a643-e0bdf656ef45
e79e5121-3afc-44ea-a3f8-47772d167ef2,true,f3ccc746-f051-41e5-82f8-80571a9402bd
d7a594c6-c54d-4715-8354-e7a63d5e7302,true,a82a4ea2-7f81-4758-bf0c-b55c88ced39f
8b8ba133-4e6d-4284-9919-c26539bc3bc6,true,60991778-44df-4546-950e-db1635834bcf
986edd4b-2201-4652-a593-8b3a67cc2d8c,true,e7606d25-3f33-4537-a45b-82ae8a01a51e
d60c7ecf-c1cb-41b7-990f-fec416237c25,true,3d8c3a5e-f9cb-4485-9db6-215d6f81ab1c
ca165e5d-5d09-4f01-9f94-cd0cbf7e6909,true,6cb97dcd-c9bb-4aca-9652-c11377237df3
0efed054-600a-45e7-9db8-cce146d208ce,true,2a41ffee-26a8-4d10-81bc-a43244185ddf
3ea16eb5-ac95-4dde-86a0-40bd9a571975,true,0b49774f-66a3-4df7-883c-69da3d57943d
2dfb93e5-e5ee-43ac-a8f5-c2ed2db34011,true,3e8ef559-0fc1-444f-86b2-acff7801f748
79258c23-f044-46a6-b68c-4d471d61b1a4,true,b9db2f72-1816-4f38-9f36-4e581b97afda
d6d32a63-d6bb-47a0-b4de-a8b7751435d5,true,501ef486-a2a7-4418-a27b-c7e893572bd1
f0f6a780-8e8c-4524-92b7-53ec3ead8dd0,true,57cae1bd-23d7-483d-abf4-5e086a38b035
58ded742-568a-4921-a18e-7665cb0598b5,true,da1d23d3-cd63-47f5-a23b-3865e5c84435
31392d1e-2b09-40b5-a6d9-d9fbe74625d6,true,e5f8470d-5c8f-47df-8446-eb80fc181497
653e3f7e-23c7-4ca8-857f-c151a5da8ee2,true,fe9b8595-8bfc-4e47-af31-b29c7a563539
38d3323d-7691-4c79-ad19-39714839c5a0,true,00356979-8ea6-4e56-a3b0-b6cbd6c155b9
5e1e4f62-0f92-43d6-962e-7b80a12e5cd2,true,1993d426-69eb-45ef-81c2-719180c0e2aa
7c69dd8d-2fba-435d-a3eb-74707f6bb221,true,c371550b-d1ed-4209-98cf-608c7449da1c
45390468-39c9-4660-bb4a-7449242cd491,true,e83432ea-ffc2-41e3-94f8-8ad11d5da63b
1aeca47f-38a0-46d2-9386-5294be2c2406,true,02a752ff-9909-44c1-a66e-f279c20b78e3
07f3e53e-e853-439a-b520-f8893bbc2eac,true,bf2df5c8-a308-4f76-ae04-76c3a559f618
3bce719e-9816-4c2b-b4bc-c59f909194b9,true,eb790861-d203-40c6-be7a-f4617031f906
29b54b81-f6fb-40c2-bd8e-96b4249fc2e7,true,8de6ec25-074e-44ed-b231-cdc7dd9a2f8d
c47586fc-e642-4b1e-9dcb-492c59a959f3,true,f54803e8-6af9-45d7-8baa-b6e47aa59545
7d66ebcd-27b4-460b-9739-bdcee6d26cec,true,b20ecdc2-dc0b-4b36-b734-4c305e6753f1
2eb74cfc-bb52-4e3d-8ffd-caa29cf68253,true,4ef00a0f-11a6-46a6-a3a6-98a597cf63c7
3d9d8b11-17e2-4725-8e0d-7a025e9c95db,true,89766339-bdec-4843-a8c5-c551ebbf28b0
7543a015-a082-4ccc-af7b-b24015d8f2ee,true,3004368e-76e4-4f40-bf20-0b63a9d05b48
98043bea-99d8-4f7c-ab42-a4793564db32,true,68a5aa4d-23ab-4efd-b92e-27edf87cad3e
6b31cc59-ffa6-4323-88e7-c81e29e6442b,true,531150d0-7c4d-4bf3-8d12-893d8ffb0afc
a8b3ab5d-350e-4cc4-813a-c2b5b1ba4c73,true,57cfa3c7-4674-44cf-b28f-a21ddbef196b
a5f8587c-eba2-4fc4-84ac-268abd026d93,true,d1a30cd9-8262-4c49-8720-25479baa3ac9
ee2e5c04-5f30-41e0-9630-59040c8c16eb,true,a9df7fc4-dc6b-459a-84bb-e53f4f5fc386
94fb1d0a-60d3-46d7-8d3c-0ac9ee3b2994,true,3f6566e1-474d-423f-b892-080057d85da5
374c1bd8-66ce-4718-a17c-8bfe2e031c6e,true,f3557fd7-c8c8-4a81-83dc-e286f2e162b3
13981e8f-b846-462e-a55b-c7ef1a460160,true,7321de1c-e2f6-4cb9-939b-ccd8adc46d54
3b7f8811-3f86-4cc7-bb93-3071d2bcf18b,true,85bf6a33-7f4e-42e9-b6d6-a49f48ab3fb4
5db242e6-a7c6-40ab-bbec-486c03be9c9b,true,9f10a4f0-14ed-4bf7-b8f2-24ff4f305045
3d585e3e-4cc1-4d2b-a822-704199846f46,true,f90f90b7-00b3-49b5-9e5d-b7c96a5b3831
a3b09492-0f1a-454e-8e67-ca76e027bba8,true,f6c1901e-a99a-4d33-b1ba-c45a7f8582a4
7e0ae4c9-c60c-48df-8b5a-739f875c6446,true,c9aa7023-3eb7-46bf-940f-5fd824d241d9
8703a8c4-6edd-4fe0-a78c-6d69906ba2a3,true,224b89d2-c4c7-42cb-b5b9-6eb32a8daf78
9d2958c8-c657-4e00-8447-ea1df49dc79a,true,8d101dd1-596f-4131-b5cc-f4d99bfa1464
6a14b151-9b83-4663-85b3-050ed9adb10e,true,2816f3e7-32a6-4609-8dca-047af1ffa5d6
b4f08b35-3a16-4d45-a2aa-ad9611ad4e94,true,a9babd80-b2be-482d-b202-35f833d1a547
c040f994-5755-4c31-a9a7-6733dfd45052,true,5093ca82-b90d-4594-bf8f-8d28fa030d9b
bab91b2c-9ad4-46b7-be9f-c0c57940a6dd,true,8b76880c-aed5-49b1-89af-1472b88fff59
4adae283-6e9d-4619-8c25-3ce96d8b490e,true,ea539596-dc6f-43e0-85ef-fb3a5166e62a
531318cd-c9ca-4d55-b57d-2744c35df2b0,true,f1c26d4e-297c-4c36-aba4-5fe80b579e77
c543d79e-2f21-419a-8cd9-17f0d8112f6e,true,abc26e58-fade-458c-bf76-337a7c763cb7
4b4eb225-c879-41df-9cff-54bf64c2672b,true,e112a473-dd85-4d7e-90ae-742fbfb0ae42
2a9ae0e2-66c1-4f2a-a54c-980aba0de3ef,true,44cc8298-d553-42c8-8c00-14f083ec8d81
618ed047-5c28-447b-8f78-83b05eb99e46,true,3dd4d4b8-a66e-4c9e-a60d-670213d934bd
549f13ce-cdc7-40be-ab55-71152f48c516,true,44c481d5-05e7-408f-b874-5a9ba489adc2
676dd98a-926b-47df-966e-d5e6e88fb9d7,true,a1a1785b-53f1-44fb-ac5b-b2c663458b63
565a71cf-1959-427f-9085-6640e780c467,true,6b73705b-e099-49b8-b6e5-59f876dbe65c
81ec6b41-5071-4109-a2f1-c0fd842904ca,true,7919264e-999c-4604-8aa6-19b555524be0
c508d5b1-422f-4d7b-ab26-0bb2ef8895df,true,45a63a31-f22d-48bb-a551-7eac5797b5bc
10e0cefd-8154-4d10-96ef-8a3c93156423,true,944825d5-3065-41ba-b504-0aa53388ecbf
2b6b19ed-d284-485b-8e20-7a1c395e1ef1,true,2e8b5ce3-3536-4126-97a7-d17266e9cdf5
20766ebe-32f0-4863-bf30-45ff6d884d8d,true,fa94387d-4ea1-4357-a6aa-459df479f8e8
11ec50f7-5545-4174-a520-890c1c5f4f74,true,f58dbf49-5b72-4078-a0e1-1894a6e35950
a23a3468-aea6-4ff7-b61d-95451b18afc3,true,f2eb5391-262d-47d6-a59d-c918e0a1223d
636f7342-0f1a-4fb9-9e47-251955a63c71,true,af335fe8-3139-4fd9-8766-0027f69cbbf4
b2d839d2-f125-412c-8048-c2e866e55d55,true,fe08edc0-cec9-4378-9e5d-d11a8bc0aaa5
d19840fe-9842-4848-941a-3950fd6e86e4,true,797676df-ff81-468c-bc8f-536d3ac9fc22
7656c73b-aa47-496b-bed4-e99b52af3517,true,a0d99226-d98c-48c4-9d05-6013ac098721
018b61b0-94d1-4fba-9611-b78780d18729,true,a0ea1810-f9a3-441c-82d2-22c091f1fdbf
5552d435-d09a-4dd9-82b4-6b2846d43543,true,b21f0ba4-4564-4c93-b207-39bb51b5273b
33568fce-4493-4ea4-a4b2-6b7ff5e69287,true,037ea3f5-0d1a-406f-8250-c6732c33555b
ec36a2dd-1d10-443f-84cf-4f32847fae8e,true,2138e409-2a62-4daa-a454-849366eeadf8
3b2d67e5-14c3-4351-8e56-1f87befa0dda,true,f788ebf4-74aa-4133-92e1-66197c5f47cc
080be5b1-81bd-4080-af98-f4095dc2e870,true,0a17df40-82ed-4519-894a-4fd6ecfb4b73
b32cddbd-80ba-429a-929b-ef62affe0e46,true,a0a2d35b-457a-47df-bcb0-06bf132c05b7
a15df0d7-8357-44fd-a7d1-d47e911c3053,true,8d222675-aa89-4888-9b1c-26157871ba5a
153cbd13-cd00-4fc9-a9a1-a1c81ada0ac4,true,0775f800-ab85-424c-a311-a0c58d710851
1f7004e2-cc7f-49d4-a8d5-e1c34ede89cb,true,7b448b8b-571d-4c9a-8f47-4688a20f0cf6
eb94557e-e040-45da-af97-0aee4dbd7a1b,true,e96a1318-e191-4c25-a904-371256d22c16
4b0f5dc4-b614-498e-a871-50b0d39ca5bb,true,bb4aa2cf-cd10-4fbd-910a-6dbd43606053
d80cdc02-a135-4090-a6c6-bbf14dd1c3c5,true,9c1e9625-af06-4fb7-8ccd-2cf750b22cb7
6fd3b2a6-08bd-4b99-aa44-09bfc732c363,true,6958cfaf-26d0-496b-97a6-ad7f46c6cd0f
70746ea6-3c91-4827-8eee-47cb1a39bde8,true,2f9b0730-a408-4707-b8b8-5838dd928877
06194ae2-2f1e-4042-8741-90157968c1e5,true,3f5d03a8-fb77-47f2-b8de-15fad12c1cb0
0eec89f7-11b9-4253-b2b3-e2eda30e0971,true,0f1dbf4e-a71b-4e39-9c17-29d76c4003b8
61ee7111-11e6-4b7e-a44f-3b4d68f47645,true,c86e5236-4cbb-4ae4-baa0-4945d79edbd2
cddecc4e-cca9-4183-b466-e6218f8440e5,true,d8fad8f2-030f-48cd-85f1-02bafe8a91c6
7d40f235-45a2-44ef-a076-a9a0586b4cab,true,81d0e6cb-c4f1-48c4-acf5-3e8f7e189f10
12f048df-6c8f-475b-beee-7c12a5744c3d,true,82a01438-8bfa-42d1-8154-4ca078b63502
3d44a3c8-df09-474f-90a7-502938f7893b,true,36c55b40-231c-4cf0-9424-f76507bf38ea
06ea35cd-30b9-4108-9d47-fe96a20cfdcd,true,fc46e727-74b4-4b85-a56e-3dd46c7b91b4
397cd2ee-0dc6-4606-81d5-16e193e57ab5,true,b4eb663e-148b-4b82-86eb-5cbbebbc939c
9e07ff6f-1a19-4446-898f-c5f06f1b2cc6,true,49a36c64-e650-482b-b479-aa9601dd2265
9e16c3d8-726d-40a6-8a19-b0bd074d2eae,true,ebeb2109-e496-4535-9102-72e810d47915
fcf72176-a42f-4b7c-b3e2-9a5cbf9704be,true,43895356-23cf-4d4c-be88-0b9555db5536
01cc533e-295c-4eee-9b8e-340545bb4517,true,7fa60743-87b1-413d-8818-c43f9ff121f5
35be9078-67d1-4b4f-baa5-617b5cba3002,true,8440a501-d5b3-4239-ab4c-53cd1ede3ecc
d7a84ace-b2ec-465e-b604-c164043d1f95,true,2b165ccb-20fc-4b34-aa3b-d3a8d0a62c01
d70de6a7-fbaf-4103-a3f1-8d14ea074537,true,d832e8b4-5203-489e-b2d4-63ad669c9346
bd57a123-30fc-4d6f-be4d-aca94a1b75dd,true,b7770aff-5af2-4486-a960-6b5affd2f25e
98a96757-e332-4522-ab13-bc98ac0b2a94,true,658ec4af-179a-4900-a97f-a89133322ab0
edb00ea1-2d95-4daf-8636-3d9691c85b25,true,a0137fec-52df-4e4f-b324-b6a6bab279c0
9f05b010-3657-45ed-86a4-8eab5408518d,true,4747f42c-a504-49ab-b9ed-b3f98902ade3
49187a8f-d6f6-4d06-bbb3-10e164e9385e,true,594949ce-21d7-4c92-bb27-71a29b1b6915
7deb3aec-7a0c-45d1-b0e2-21e757144442,true,25a04b2b-d031-4413-91a6-bcbf306391c8
8e574515-5356-49d5-833b-46aed02c9233,true,77e7b9f3-fef8-46bc-8c6a-e8bf26716d0b
dcaccccb-1d9f-4557-b223-327bb8bbc20a,true,f71709a9-89e6-424a-8c99-f3df3d6240fe
e23806f0-b56a-427e-8bd8-df8857f30c15,true,62140073-ffbb-49d7-881e-49cc6996b35c
224ab661-2656-425b-8f7b-01e8a39365c8,true,c8569ae2-6ffd-49de-8f7a-95bf0849b342
930ce687-8e23-4867-aee5-cb0b01df4e30,true,3d9b89fc-6c02-4a25-8969-4c7b909fced0
04723870-0463-40e7-b085-171f9115470e,true,c6a4accb-d6d9-43d5-be8f-10432cbd412e
a60f090c-1d55-4d01-a34b-42e17d192181,true,303c38ab-8b0b-4631-9ddc-71761f6692fc
d6eac1ee-3e98-45a4-a032-324c02f4dd83,true,6452c77e-dc81-4444-b4f8-067aca6832f2
47063927-2f50-4dc8-b29f-68a4158f59f9,true,a342ace8-c38d-46cc-9c5b-a2cf95b04be3
28c2c54d-bb6c-4379-9434-faee2f53e350,true,bb53bdac-3409-44c9-951b-b5c45609833b
d17a2c7f-6e10-4f74-afe7-360ff962c844,true,1afadcb3-4117-4a72-9212-ebea6f7f16d5
51196dc4-935e-41cb-ac0c-dd718228e66b,true,0b943349-269a-4f48-a34c-eacd970a054e
2c2de18c-fef0-43e9-87a5-c8865ef80235,true,bc603327-f200-437a-995b-a35c02970941
fab55dfb-8999-45d5-8c60-9575b7fdf64e,true,e546c02a-ad65-44cc-9183-5cd22c51b4b5
3b30a46c-17f2-440c-881f-ec9e401a026e,true,c62f9c81-6700-4649-8062-1e6bb6e7b76a
3a3c9fa0-c00a-4f46-abd6-ba26c08abd5c,true,fb03bb36-dbcb-4020-aca4-205bda9b005a
8e9c2ce0-a6fd-41f6-aa46-6dab4b9a7719,true,6113ff20-b7ae-40da-8791-624caed1a77a
7b90a177-370f-4e41-b3a3-e262473b94c5,true,75852773-058f-4afb-8762-e4c6deea31c0
65ba79bd-8809-47c4-aed6-c100edad830a,true,8e677706-d597-49d6-8281-923907b8e0a7
a2462697-2240-45ab-a265-93152437ede8,true,00d0d609-f37f-47dd-a54e-e40ab8e23f56
3b50d6d2-d452-4d95-b482-faa86e8494d7,true,ae4f2572-7569-46a7-8d20-c139f4f6b8c8
36f9ce5d-816d-4f5d-b54d-a33339b11b9f,true,86f73d3f-4ef0-47c2-a6c4-0a8d671021a6
13174e2b-548c-4433-af8c-167fca103002,true,a4cfaac4-9903-468b-b9f3-cccb425c4749
2d46631c-999f-4c1c-824e-818416c30e9b,true,0c73ad98-7603-4daa-809f-0b7f0dfb4f75
8e08de5b-2136-4fdc-9d7f-edf5ab9dd946,true,2d1b33d1-a8f0-4018-b089-8ec49fd45c25
67d82de6-0edb-4507-be65-ff4c81e9062d,true,e00ed05d-2345-4487-b080-25849e43bfb0
37fe9ca8-502d-499d-8406-13e78b579f68,true,a1faa67f-d46a-4f48-93d9-2f8a89af58b1
1a8c2d50-c99f-4ffd-a9e6-a038ad511e15,true,313629f9-04c1-4cb6-9479-d1436022c8e7
9f984cc9-204a-43c8-9917-c9ec61ed3983,true,1eb6edbb-d028-4eb8-8fe0-fd674f1aa3bd
e4b2c059-17d8-4446-aadc-e2e6833965de,true,4187f5c2-6f18-4174-b206-bbedcad87d23
fb852f5c-d838-4b2d-88cb-7aa786f7d20e,true,23a541f0-410a-407e-b6b1-be1eef4c3f04
efde097e-f4ff-43d8-a379-04380cd70423,true,e04f2288-bedf-4dd7-a405-87508b74af8f
f6786eba-0c8f-4353-b67d-4b73df3ad223,true,152d00ca-2ff5-43fd-916d-f45eafa3fd1f
2ab621e9-19ac-4a9f-8760-cfc3b31f2948,true,10c6a93c-f4e2-48c6-8602-77147a17bcbc
e7e0059d-4c99-4db7-8adc-719f495dc8fc,true,d677ae8f-cecc-4cb6-b44b-da836d8705ff
7461e24b-b383-41ec-92e8-a99faaf84e7a,true,14767345-b3c1-48d2-b855-934fd41742e4
06d3b183-ea48-441b-b6ac-5929fdc3bbc8,true,53cf7a64-f734-4853-b88e-90241544a687
2900b3eb-3c2b-4614-ba85-743da695f3aa,true,493e44da-0c0b-4cd2-a7b2-bb29143cc6e6
ef08fc37-8cf5-4267-bdfc-6f04c16996b8,true,f5aaa100-7fb4-4396-8082-4411038982dc
888ea10a-9b4d-4c44-8449-63587774d42a,true,3300b66d-ef13-4d5e-9059-69415004857f
28944247-8f49-4e32-bf14-d9f137aa7533,true,e149e754-38e7-4f52-8b13-0f43fb8fe36f
7d99a710-bc71-47e5-9cc2-1eacc4359192,true,f83f2623-aa18-4dff-ba75-98c3c6810c2a
80fa2d5c-15ba-47e2-b194-71da02312bc0,true,108baef4-f0d5-4c63-9877-75ad62642264
87e37bd5-3e8c-48e3-b3e6-0075ae4ccdad,true,d9808cf2-7f4c-4007-8b96-e37abd0fca2d
7411e93d-7ab8-4951-8337-ba59b9f8872c,true,ad43c4b9-a640-4dba-a8d0-3091751b9d20
eaed7679-1c0f-4dcf-af96-21a25284d3e2,true,a233bc40-c37d-49ef-9716-e4c1da29cc2a
5aa9f516-cfbd-44bc-aa61-75ed2cc70b7f,true,f62189a0-a3e6-401c-9332-66626d0f72b1
6436c910-7ee4-4e5c-9b80-11798b43b152,true,4e250a95-2a60-40b7-9706-55d1107f50fd
95ff57e9-9de1-4f84-9744-733553af1666,true,8dc11691-5956-492f-aef6-491d9f0b6b46
db864e8e-54aa-4304-ab7a-ca1bdbed62b5,true,29835fe1-b11a-4678-9e4a-f81d6054db4b
3a318f14-c66c-41c6-8e98-3c6d81b1ebb3,true,5cad2b8a-653b-4bbf-a4e9-84c2685749d2
7fa4c555-f4e4-4646-bc98-52bd6122a09c,true,c910970d-e1db-431e-ad90-31c31d707e28
ae9ec5fb-b364-4ac9-b463-86065d9ff29b,true,291e2e01-2d90-457d-9dba-b65e83a3371d
c28b6caa-8644-4443-885b-f4da959edb83,true,679fd50f-aeea-4145-8ce3-d35b213f86ca
eabf9030-35e1-4e2b-a1b4-2500e29517e7,true,4727183c-1e84-4ce4-b499-c9645a96d1bf
0968840d-5c0c-41d5-bbb0-78249edba740,true,56a15bbc-9524-4482-9fe3-a6b233816dc7
1b200754-235b-40f8-941b-908fd69762de,true,3013fc95-c0e4-4c33-abfd-be11c1c725b2
55a1e093-a0e4-4092-a18e-1c8a837010a9,true,3f6f36a4-b533-443c-86ca-8cb596cdb439
b18b7bac-edd0-4c36-8b43-574a6df72a3e,true,e9a0149d-81c6-40e3-a424-2ec999a1eb6b
2d7d5451-ca88-4e83-baa4-eb238d4eae36,true,0c30516f-7a3f-4eeb-983e-d4b9c2c9c596
9fb869c0-e93f-4dda-8fd2-1334ec8b0c89,true,37cc24ca-d089-4422-a23b-66835dbe5d94
b48d3f2a-aa31-4d90-b74a-8bd4d379632f,true,761c9bf7-f007-4fe6-a497-3f45a8357839
34d70693-c48f-4b5d-b994-342901e20b0a,true,3896d37a-cce1-4713-b151-39996e8d11ab
04eb6300-ca55-4843-9a86-7be46c94c87d,true,d8946339-4066-4b56-bf5b-d257cad78643
a313991f-0a86-4482-934d-bc1aca1eaa7c,true,2bbc707b-acaf-4f72-a09f-18c2f85bad47
5fcfdc3f-efdc-4cc9-84ed-2e4a7af2d256,true,38e5fbaa-e1dd-4347-b2dd-001088aa990e
e0457c99-5734-4e39-942d-ee4c51326682,true,ea47ef53-38e1-4aa2-be3e-de3665f726f0
107837a4-8060-4d10-a900-e2f95b25464d,true,1435038c-f72f-4a24-9da2-bb45cd954522
22b1abd2-e2ab-4537-a4fe-7eb1af26195a,true,33e50a6b-8c9a-41a5-af39-1874bf930c60
d322de76-df19-4992-a33d-7bd24630da7a,true,198a9d62-2c4a-4d02-a013-119493c68c7e
0f6ee3c6-df72-4ec4-b2c2-07fa4012a709,true,eb1283c6-3655-41ba-8985-92611ef627c9
ef90add3-dd74-421e-9c15-bc01b04fcd33,true,b1fdb0e5-e265-41b2-83bf-d2c6bee47b13
2dea649f-75c8-4bca-8b1e-8166ee3b8172,true,4ba5b215-7877-4413-9ae0-582ec0e1886a
ce84ab85-ac25-4c74-9569-cf1068c6693e,true,ecc4ae9d-4ff9-4fa3-911a-b62de542c1a6
3e1a862c-b698-4632-9c72-749107d5b0d6,true,58d69a5a-3dd5-49ca-b8b8-a88fc90be3f3
6b12dd70-58e7-4e52-8c7a-809aa68d316c,true,d0056fd5-ae48-432f-b393-f99e89cd671e
9558478d-900a-46f3-8524-72310acfb964,true,c4ebb848-28ae-4d0c-9119-a7ea2c5ca903
62795eb1-c3af-4440-8258-3b5ad539bd49,true,e25aa36b-1c8d-4d68-9db4-44087782446a
eaea4382-0c9a-44d7-9f47-49bd5010f280,true,7b782de2-b57a-48b6-9f1a-50858d9d1dd2
9ef955d4-a927-426b-a8cd-55842026c468,true,af02ea27-2ad0-4747-a4dc-aa1b1a69ed19
fac747b4-5b78-4721-aca2-568cef1a39dc,true,26eddef9-27d7-4294-9856-95d7f6ca6291
dffa2248-264a-4b72-80f6-5a75484fc907,true,eff249b4-1404-4e80-be22-115559671e71
c60692ab-5594-4fa2-b378-3aa8b0204633,true,902e4acd-0bb2-484e-bc58-f8dd1c943b5e
53d1b13c-0de7-4e6f-9b22-aa88e8409494,true,4e6a8591-4d4d-458b-ae3d-c153ce901356
2b2611be-631d-40b9-a863-4c0644a1138f,true,ce5268f6-5117-4f1e-a8b9-10b917027d94
338e2633-d4f3-4457-8a35-a65c884187a2,true,9a717ac0-c0a2-4b81-8c77-280b491be22b
f9d7c03c-259d-4275-967a-ff0b1bad60bc,true,cca69145-4372-46f8-ad61-6f8bfbd77e5e
bb52afea-c3cd-47ad-b067-c9d67d09a7ac,true,3ba81b77-cad7-4d83-97fc-6015617117d5
97fec3db-09a5-4263-8ee9-28fda5d271c1,true,69f1eb19-0484-4a5c-9c04-1e57e5e7bc49
c8749dc2-3587-4f62-ac3c-133c56c6f5a5,true,9db071d8-636a-4da7-aa1b-48e05234cfab
46b84b94-1e87-4412-8291-2170fadda64e,true,8d026fcc-cc81-457d-9371-5637ce009193
a98457f2-a9ac-4f9f-ab2f-116edc85d544,true,ad6e0106-67f2-4842-95d0-6c388fc3522a
138b96b1-4271-4a9d-974b-793171a1ca24,true,cd7146f3-1c43-4892-825a-fade77caea30
46625eb7-76d2-4485-b2cd-24f75c2c9c50,true,8cd8868f-2c92-42f2-85e0-a981218ebb75
51a56b95-8a6c-43e9-9e2e-cfce2019e5ee,true,fc860e12-1339-4efe-8c04-ca3e7bae6627
ee03d6ab-8ffd-4c0d-b9cc-070b6a65e2b3,true,a0e0c6aa-9751-48ef-b9ba-9e8e26f9727f
8b9604fc-b21e-4774-854e-7af70073363e,true,87332a88-0222-4380-ab5e-78b4456bfb58
8f7d170a-9f5f-4184-b0c5-81ea9bdce346,true,95cc5e89-321d-49ec-9625-24266711c3ca
8387aa7f-ff38-41e1-bc0a-535a48d65bd8,true,2f47edb9-e4ba-4fcd-979b-072c0364cfce
d5a2b817-62cc-4123-9d17-8d5995fd0aac,true,b78c10cc-c912-4061-8a7b-6b5f9a0a63db
d8915227-776c-433a-938d-6790e0b4ebc0,true,8cac992b-25e4-458e-84de-bd86f463b8e5
6751b72a-4539-4176-a867-38933a407adc,true,60236a1b-a5a2-4fb2-b1f7-421a595cfd87
a4285aed-84a4-4d70-9660-9eb000dd964a,true,128345f0-c812-4ffb-880b-d2cde4685338
0d88aa94-8895-4d7f-9709-966902bc7a50,true,cb943c00-725e-4ae6-85e1-7dd724ae7536
61753f70-26ed-4b56-9c63-59b7c8ec7c3d,true,241a4b0b-68e0-4c99-a57f-809998e2dc8e
bd80a1c9-72f9-4f88-adb0-4ea2fa5ae769,true,ea90a48e-3d2d-4818-8360-839058222902
81c26e9c-3a50-42bc-a249-76e18e20bb91,true,b79d81d6-47f2-48cb-8ac8-256bea858270
25714a1a-dd21-4c96-99f2-af2ece11f994,true,19737f6e-574c-41d1-9926-e35df30ab14e
495e4caf-3788-47ef-a223-816edee1c350,true,71aef9bc-9983-4d1b-8d16-bbacb0def08d
31bf7f77-acdb-4646-a6bf-73e8819bbaf7,true,288df92f-66a1-4ac1-a0a9-59e4d7fe37aa
eed12feb-6502-42cf-ac1d-da45175e2cde,true,5104b1ef-b178-434a-b2d5-d993d69c50a2
c1e98e9f-d5b4-4a3c-bc2f-9dac6bf5654b,true,1d15a84f-7cdf-4f53-99b3-a8674972899a
59390e9d-bc2e-47cd-8f54-352c0706fbbb,true,db0e0056-71a0-4ef4-95bb-a220dc68a982
dff68900-c810-4ca0-91a8-cd895f2a5d3e,true,1cafa3b1-e54d-4a8d-8d53-952ca1248d1d
cb3e8c21-3ac5-45ef-a44a-3db0405eba53,true,ebf486ca-f580-41df-bc01-0a4b5e61ba2c
addc4af2-1abe-4770-b343-ad1467afb0ab,true,1c4bf7aa-f45e-4a29-9e70-9efee4951231
dc280cfd-2b43-4c28-a1c9-40f1e7ab11db,true,25c59411-a57d-4c6c-aba6-09883d57cea0
80513a90-99bc-4e6c-8585-73c5892498c8,true,1c02cb03-33e6-43f1-bc8d-a56754e9d2b1
492da799-aa27-4863-a358-86f39052f21b,true,27194066-1476-4b3e-b9fa-4fd7ff656441
6cc0ad8c-a47d-464c-a3bd-46b5dfdfebcb,true,3d173d56-6d9f-405b-8cc9-27f21ac2811d
8b2fdbb5-d367-4bfb-af81-5654d05b3098,true,b35a0497-1ee0-4798-b392-776660be479a
7a5ded1b-c03d-4a7a-9026-282fa28fa8fd,true,c78ebb22-380d-4022-b7c4-83c4d71e9271
f612db1c-ed85-400b-8863-b5311f902c56,true,46073ec4-f69c-40ec-913d-5eff3c144355
6bb91da1-6459-4c00-af3e-df066bf35742,true,acd870b0-41e7-4028-94f1-ec03a0e077ca
dfaa863c-e5e3-4568-98d1-8e98ebedaef2,true,7612c4bd-fed3-4d00-bee9-e0508ece9e44
d36fbbde-5861-4c34-984b-e24ee2eeb799,true,7abbbe6f-cbd3-4cb2-baa5-c919041f5c33
501c39f5-9555-412d-b167-f133f850565b,true,f4317d68-3e76-4c3f-b8bf-c2aa36f65730
a3bd33f1-02d5-4a0c-a8ad-fcd546a82d11,true,b4d7b1e2-1e24-4006-8e65-e96780604801
5e31c1fe-de62-4bd1-bed7-13c8bb2d5c08,true,cb450814-e8ba-4ad5-80bf-20bb62fc7091
b47ef1c7-0180-46f5-b7be-3f577d527ef9,true,63871de1-b607-44dc-bfc2-9a9dff2145f9
5be98c91-6469-4df2-9ae7-27117f8c362b,true,5792f88a-834e-4c72-b045-221aa1c1c9fb
06b05796-4000-4c72-b8d5-08413976464b,true,12b2934e-6e10-481a-b618-98a2e45b45db
7eac3175-7ac3-4a33-aed0-2aa42cd5bc62,true,54e45598-4fcf-4109-86a3-aa62fb23c544
387ff7e7-a881-4ec0-938b-5044418174cd,true,707c4163-a896-4a61-b8d6-7d660c04c5c6
d6ad8bdf-f046-49b9-a151-285f670f8da3,true,030e3a10-35e1-4e4e-9abc-13b39b406980
366d3918-a87e-4ff3-a49c-87bcb7ecc3ac,true,9da132db-46b2-4c82-9802-7e1fef1953b3
c209c75f-a7f4-48ca-956f-6d9fb63aa93e,true,6ebf4387-2b9b-4827-8541-2a6e2b295444
062a68af-7970-4f53-ba3b-b4bc50d04309,true,8872250f-2b42-4160-b9a5-7ffab6edb419
94299c95-32ed-4ff8-a5c7-50ed721e6354,true,ff71a41c-7d32-4f58-8bd2-7b1aa62c75fb
de2ef5e4-0db7-4a23-9aa6-1907fff8c22f,true,3cf1491f-a7b4-42e2-9a06-2af70070474f
a4c24f48-abe9-493b-b2eb-75fce14f7605,true,47afd9f1-6642-42b8-9bd4-26d37cbd2a3a
055be421-3980-4ae9-a44a-24c4232515a0,true,8b0a00fe-ad8c-4214-a24e-cdc3664b4486
063422f9-6efb-4584-be09-accb417370a3,true,76751e07-3a40-4711-a25f-b259b88b8922
ac14dd32-110e-41e1-a474-180cc81e7029,true,01d427ed-124d-45e7-8c2c-5745e1d122ff
dca63442-9153-4e76-8f7f-1b1806433858,true,a17a5290-d73a-49e5-9fd2-b5de3c92c63e
0c9cfa15-fffb-47df-8c02-2b08624d52f7,true,95c97943-a9f2-49fa-b3dc-ef403f30cb8b
e1de5477-96e3-4f7d-af7f-53c01fdcd571,true,0b9cd04e-ad28-4b92-a7b8-07b3eadfedea
1d2e45fc-e1d9-4833-997a-84d04d81429b,true,496aab3a-3c76-4234-9c3e-6fe9b6a04280
55d60109-c810-4a93-8fc2-3cdf2fa90649,true,586c9fff-a3f2-43e3-b7ac-ece3a72214d7
3a3c8f4a-e137-46b0-a31c-dba97ec642f7,true,89edd0cb-a721-4786-9392-8f5db416e563
7322bdb0-f682-4a93-93b9-a8c1687336b5,true,3146c326-f536-49ab-bbbb-4e3df4aa573c
36ddd0cd-8481-460d-8150-225d2e24d679,true,160e343a-a17e-4141-a86c-c4bbd3be3847
5acec4c1-5aec-4006-9698-53c79b0623d0,true,2ee2342c-8095-4e22-b448-631f3d70e8f7
74c568ff-6ae6-485a-b5d5-73111c627dfd,true,e4f72a15-c870-4b5e-b14a-7a7b13bae4cd
6fbc4abf-5aa3-46f0-8287-4f879baf626f,true,d0ba8548-411c-4c83-9ea8-4fd4b1da4e84
b5cdb236-55e2-4bfd-8358-6929a282152f,true,3063537a-86fe-4cdd-9f53-0750038d1c1d
09c27a79-6cc8-4d8c-8d82-dc4ed90a4144,true,9779fb4b-ef99-44ab-8e6a-701c3327fa89
563d7b90-5cfa-43ab-abb1-3c630103366d,true,2b825509-9bd7-46e0-a066-910c907754f5
a4d29081-8cfc-4afd-b1c7-0dc66d35770d,true,a2b9f937-592c-4b17-af2f-ade0ad1be643
39677ef9-276b-40b9-b3a7-6872b6ba70c1,true,131bdf93-6bae-4faa-8649-13e0dd2f47ae
2341711e-1424-461d-a6c6-8c20b90898b9,true,5d5a39bc-4e98-4163-a0c1-9fcf750aa58d
500eb1d8-fd14-494b-83b9-040471bb4d3b,true,a4039b5d-7333-42df-aeee-a37961f7f8e2
cefef3eb-497d-448a-862c-b0f9ffb280c2,true,6f475db4-c153-467c-82f4-646e42998819
fb424b6b-3f30-4f4d-b35e-cccf44e8a945,true,7ffa7a94-d954-4ae7-806f-25e03f5cd20d
06a46e4c-c6c9-4056-8f16-b13406e26133,true,55061da5-f7dd-45d9-8ad7-0a088fe42456
7a118eaf-aeb1-48d3-8fa1-8bb648395b87,true,14e9d3b9-b035-442a-8706-b6e35ca6022a
5b5ed0b9-3a41-4ea7-aa8b-c6438676f2e2,true,363737ec-948c-43c4-942e-aab3c2ff1cac
58c4c960-98f8-4c27-92a9-8633d8bdac82,true,436d85dd-99c3-4a47-9453-c9e500e79868
6b3d083b-c6b4-42f2-a653-b6c130820146,true,5002acc8-0e2c-4643-9048-0b042c69d78b
35c5f995-c260-4555-8c88-9da339b7b5ef,true,c3b37fc5-8e3b-4c29-a3a3-a054713f40cf
4c8c2184-715b-4ad2-bc12-d260ef6520d3,true,5481542b-fa02-435c-8352-def3c5b2387f
043cf0b0-15d1-479d-b509-f364030de4e3,true,53c54ebc-4702-497b-9b94-2a8e3515fafc
48e6cc95-c80d-44af-9708-7f7625dd751e,true,af8cd6fd-ca11-432c-99e7-d5155bfa299c
ca0b406d-ab49-476f-ba29-abafb2218d18,true,b89c3569-46d1-4d1d-89dc-3cc705572738
5d58bdbc-0c7a-467f-b52f-85470af397b6,true,04cffce6-0ccf-4baf-8fd9-8214328b8fb9
9828dd95-1622-4840-a158-99caa58fd2c5,true,8d4cd92d-65b9-42fb-abc9-f01b42dfa65c
54613770-ddec-4a5e-a334-502233d4581f,true,cef3bc05-3859-42bc-8abc-2f296470e839
8ab0cc58-a816-4670-9850-3153173e423c,true,652e0448-8929-46f7-bebc-685b68344bc7
0da015d3-8ae0-4be0-a1de-4e80ecf21dbe,true,6b70b161-79aa-4e7e-93a1-d63cb5267ac5
71ecdfa0-603c-4ef7-b48c-e7f6be064d73,true,00c57f2a-0d1a-4fba-8baf-ef69a99b340e
9c98d19a-0b31-4e49-86f1-0ff09abca15f,true,1363478f-5663-4558-98d1-19a801275ecb
e173af01-837b-4a6a-94dd-1ba227d0e5cb,true,647ca591-9350-475a-a736-3cfc2bb5d2a4
3fd8ad7c-c388-4f7d-a624-05b9b20f7147,true,53a6a308-649b-435c-9e6e-db1baada0be7
93d8ef0d-353b-4ead-845c-7ebb8db14888,true,d29bf3e9-a5ac-441a-aad0-18dac83fa633
5acc9ea2-cc0b-404c-82be-520c196923f3,true,5389741c-08c3-4496-93ea-e843af2ec323
afd50bba-6ed4-4bec-b42d-40786db1e790,true,ca5e5dad-f5ba-453f-927b-c1a14aad9e05
3caef634-900f-43fd-b73c-af3c0e3b4b84,true,701ee44f-68b0-4280-bea3-9e8448882de2
d646165b-1917-4943-b3c5-282b2d10b410,true,10b2341f-7e8b-4b0e-871b-4dbd62ec5798
d9370c60-e3a2-44a1-960b-fc2100f32f4d,true,ab30eb03-6baf-4428-8bf1-559b905d1caf
3b722199-e48b-4b84-baf9-5b7e88e0c53a,true,bb133db2-3bbc-42df-b648-866eaddf5105
3cfce531-0555-4b91-a452-72182e1b4fab,true,8b7c2126-24b4-4c84-bee4-3009d4856e32
1ed43eb0-7880-4d1c-8058-185010ddce5f,true,cafe55e1-c460-4bd7-8433-11370bf090ff
be404cab-0f8d-4185-9dca-a636d18033b6,true,23563318-67e3-462d-a144-2ee4c1e9ee54
cdee3486-f957-405f-8e8e-e39818d07260,true,3b187f16-7cad-4b39-97f9-f82a2fd236ee
041ac077-098c-4f93-bd6d-6bd9477c63cd,true,b2c9b647-bd01-4d5d-bd6e-17b702f54dd5
8831f7b9-82db-4eac-acb1-eff56fb39979,true,7e81fe9e-e301-4d9a-95ab-0cabb81749a1
33f91683-dff8-41db-ac9c-288fca3d94fb,true,f7c6a203-ab49-4b08-b849-d88f91fe4af6
997ae29c-f9c5-40a4-9d12-baf7f1bb236a,true,5a734e22-1a89-4ddf-9842-1e7ce509b7a6
5054ad72-73ba-4bb9-a67f-4dcc023b8c2a,true,44c530ab-b48b-4dcf-9a09-b4616a3ac716
057b8c0c-7691-41f4-8d62-2ea70339f833,true,7bdfec6d-7c8b-4d70-a1ed-028eba03084e
609c3266-1fa9-432c-9832-b82f8b72f0e8,true,ec8a3e5d-0564-4505-b7be-ac738158a580
dffcdca7-c1e1-4447-b7cb-500c7830b443,true,2b81db85-b582-4229-b956-fe10197a67a6
1fc5f54a-a83a-4179-9ade-35efa39a63ab,true,cf043a9a-43b9-419c-bebc-704a7e0d18a0
836a358b-0eb3-4008-956c-d69d55c635d6,true,467414ae-edbe-45ee-8c95-fa83b9d8d8a0
f753f57f-3001-4e8f-9a53-e1ce7301ba63,true,9a7e62f8-946a-490d-9b65-aa9f4bab8eb3
04b35a74-b311-47a4-a3cc-8952c64def9d,true,7618f5f4-54d0-491a-b1f7-fa8897438180
d0d40f9b-9564-4b6e-b918-cd5816ebcfd5,true,c31dd857-775f-450d-b393-eef23ed645b1
cf764dc6-0836-4a0c-9599-c9f8f8709d8c,true,c01148c9-aba9-4a6c-8bb6-0807b65b7d13
c2f68dbd-0677-40bb-9f18-609dcb69664f,true,c4d83cae-d2e9-4160-8769-7850b05be225
27b1234d-e3d5-42aa-a718-5585ab5ce485,true,24ef09fd-b5de-425d-b445-1b28d93e1bc4
4a4cadf5-8e63-4b93-91e2-8d98b4a166d2,true,6c521fd5-907a-4894-9fc4-cd46990c39ef
ace5a00d-2a5c-428e-8239-247725c9b580,true,5311cf06-63e7-426c-b244-aefb936618c9
03cdbdfb-57f7-43b2-8501-2905891f61ad,true,966c83de-ff0c-4ed8-abf1-b21321135c2a
9c955257-18ef-49dd-a4d6-21f1bf2357ee,true,d4484c59-fac9-4589-a0d0-4cb77f645256
d994fabe-2d0f-458e-a4ab-9b6be436dd29,true,5231e66f-8db5-47e1-b202-108d7ce45124
faac9e98-3c59-4bfe-ac3d-125c907d8a02,true,3029dcb4-4f40-4873-b2e2-66380c538e75
23550c6b-e656-42bb-bb9c-f891ee3743fc,true,1cd07d39-2728-42a1-b830-f5aa01a861aa
83819e19-b13a-4163-bad3-c393adf91465,true,8c69df91-96fe-4d66-815b-85a04a5dfb0b
f1c415a8-77cf-4399-aa0c-645c436de407,true,3f1b68b6-7da4-48fc-8650-81369c89fec4
72a34c8d-94e3-43db-a8b8-98c6574949c0,true,b8383b2d-4b3d-40a2-8583-b86cd33a5f4d
57025669-66e1-4218-81ae-6835ad21a071,true,74103b44-12fb-4a17-b05c-d7fe788475bc
1247c623-5c98-4a1a-b620-8a7abc6334be,true,c7e36d05-1014-41a7-a83a-271b5c93869f
e7cc499b-c1ec-41f8-b7a7-50d5d7a46840,true,000baba9-cf80-4a04-8ccb-b7f0d97066e0
71ca4888-1806-4b6d-acf7-f574b18d8f29,true,837b2e48-d9b3-4019-a65a-570ace17dc2b
b4d2e504-8cf5-41b5-b9e7-32f28287811f,true,3d35fd13-8b16-418f-88ff-441e00353cf5
5f0fea8d-a27e-4c97-87b5-d171d7c2ae8e,true,106e105b-f32f-4dc9-a0bd-b591bc6733ed
aaed9363-3b0a-4138-91c6-bff3a1160c7d,true,18f853ad-354f-42b0-8112-d807959dd399
c39953db-7fbc-4ff4-bd1d-3ed0f4aa310c,true,be219e34-52b7-416e-a6be-b00b683a04ba
efb47abe-d7f7-4db0-9898-19975683d271,true,30646f5e-84e3-46c0-98a3-59528fa786d5
c7ac921d-0c98-464b-b6fc-79112761631c,true,5cdc6e6d-43f9-4c9c-80c8-c56fc6832a2d
6c359302-ab16-47fe-9040-892928a88b06,true,c78b80e6-9257-4313-955b-2b6e01e547b5
127e57ce-32a5-4a81-ae14-a873f92b28ac,true,340cd254-a12b-47e7-9dad-90a3165ed8eb
06388ede-3f09-4c6d-b10f-fa4537113009,true,5d95fde4-5105-4866-b1a9-ea3fab3bdd9c
2b667941-2bfb-4e9a-ae4e-8ba4b51f80d4,true,ead72507-74f7-4bad-82a9-5149540262f0
2ee84069-e9fb-4b9e-92a9-37728f825c6e,true,e82a215d-edb1-4ab0-85b2-e32dfd87a0ea
c29b4d49-d7f3-4139-8d1d-ef5300a7de89,true,3c2d52d8-4b23-4996-96e5-21931b056fc7
19282cbc-d802-453a-866e-570193034d27,true,d04cd139-ea19-408e-9a1c-aa1fb03820a3
9934bada-1d86-4e93-be50-cb1ffbf0b534,true,f194a75f-3f6d-4894-af27-b7a9530ad9d2
b656a225-496b-4782-b4dd-2b804d3bf48c,true,904cd7f1-8066-4932-aa2f-e3ecd491d428
2442eb4c-0ace-4a8a-b532-098a65efcb12,true,121477b1-3ed9-48c6-a1de-6a6a20b502a4
9d0c1cab-10f9-4c21-aa12-dd3ff92357b4,true,adf18319-f49f-411c-9ac9-b538a547a72c
bff2be08-9084-4262-89bc-a0536e7625b5,true,642a9aaa-60bd-41c0-9d8e-50186b6c3e99
4d910a10-8c8d-4a54-b4a7-b12cef28d0e6,true,06152972-8916-4eeb-acde-de71b3b14d65
cb14ffa8-2e8e-4bf5-926f-983b790f4443,true,b1ad6bf4-d192-4b9d-be69-9c2a0e793926
1661da2c-dd2d-4156-bd20-2fe8e77762c6,true,6a780e6a-34cd-48c8-826b-69ec1372b668
121b280d-e628-45a8-b606-3b23873b6580,true,3132af8c-08b4-4196-ba5d-b5adc5e01cd1
66194d00-ef65-4878-93e2-6c367a6145c9,true,d921dfb8-cd49-4421-829f-a94d9f949215
7d0f911a-0966-481b-a2fd-4413b0f5514d,true,e747dde8-1387-4085-9f8b-c0308d7bae13
92f1a722-669d-4012-9b3e-f79aeed0ed6d,true,adeeb317-fe42-4592-9132-d04101453133
fb2a7635-a821-4e8f-8acc-78ec1fcd101c,true,4b289ae0-9d02-40ba-9063-71f435f8d575
c3d5e5ae-d9aa-49dc-9ea9-fda9dc7ba018,true,6c782b10-2aa9-4420-9b42-be224ab55542
9084d3c2-af40-4983-ba5b-eefdbc9ac92a,true,9b4645b9-9250-4f1a-aa47-1aa6a48e1054
d9abfcf3-f6da-40d6-ac53-c8dceef8e5ea,true,4251d9fb-d5ab-4b86-872c-20862acc0236
559c58d5-2cea-47e1-88db-9a3f10b747c7,true,a9bc165b-4ee3-41d7-8312-76e8f76bc870
37676b57-7797-4416-bd6a-2e58b9e8ca14,true,e3aadb3b-8403-4e73-b17a-b902c8df5281
f85d4dec-26a2-4780-a68b-cfe8e64a2ccf,true,a879ef50-e584-493d-9cfb-370015eb2f8c
64fa5f91-12ce-46b0-94b9-abb3cade2890,true,a73b4494-6b12-4d7a-9cf7-7715e989e289
dc681267-ca0c-496c-a83e-6594656c9b26,true,5b6e110a-985b-406f-b2d5-5e24015f906a
97e4650c-3e2c-4e5f-9850-f1dc171860b3,true,02e35ea3-f754-4499-9be3-8e74d070b9fe
d2436981-19e6-40f7-bfbc-ca595040622e,true,3a91bca3-1010-48b2-a359-b5fbecf11b4a
a1b3c68d-ae6a-4d86-a0ba-c5137fe540f5,true,71efd90e-3404-4cf2-ad5f-2e851f7b6c71
1d3bb952-287d-4b0b-8a37-7e19d9d23f7a,true,a3ffbb6b-5920-4f0f-b1ab-250067cb0aa4
ba79e60f-229e-4ce0-899c-0e36ee9e69cb,true,adc091ef-4ddc-4880-a40f-b8c9c9ce7028
9caffade-7519-441c-b17f-af84a84d1497,true,e8894b86-1419-4bbb-8fac-36ff722da286
36ca2fff-c306-472c-b0b4-a2d7f19e19f7,true,9d4d0fa7-dbce-4c62-9ae2-03f5126aa553
a81b77ff-c5a4-4620-b8a8-817dd6dfbfc9,true,5c4f7e39-2d2a-466c-9bd2-6d1ca75087a3
57ba2034-36e5-4b3f-8801-fb34f7fcee22,true,8253b7ea-e168-4498-b23e-10dc1d2dc9a2
4d59cbdb-0262-459c-9f8e-114c797a8d68,true,c772995c-34b5-4893-a9da-d38466ebf6c6
a04d26a1-e42a-486b-a742-7a230aa7f8b3,true,aa7f80a6-d685-496e-86d1-0c3c61e2f1d0
dead0a29-1309-4507-a440-7b154c1499b0,true,0db4ca7d-19ac-4c61-bad2-d50cd29f923f
c84b1b89-8981-45de-a7d0-891ff60ebbfe,true,f5203973-21c7-4abe-a33e-3588786131db
8ea6f5f8-6c24-4b46-b29a-cd690e14b5e1,true,881c9ab8-4972-43a6-8883-58c678dd3421
44aae8a2-70b9-43ba-877d-dcd72822b6d0,true,b6afd8ac-08e3-4b54-896f-9fc0c694848f
600d7d34-a405-4778-943f-de2d98b46cf9,true,eb7d5f5d-ce72-4952-af09-36c550f3fc48
e55ec8fb-9aa9-4a5e-b0a9-461a5f2fbf35,true,896dc99e-d609-4267-a430-68024746f4e0
4d470d53-e4f9-4f9b-83c0-140885873715,true,b4b48bc7-7304-44c0-ab78-8e26e2336bf4
c53ef626-72ad-4b6a-b306-334a8ff60c69,true,aa7ddd16-0afd-463c-bf4f-695efcce135a
5c0e47bc-c9ef-4d34-8b6f-538b97ea5a0e,true,56d19671-243e-4fb7-930c-15fa76e8c25a
615b857f-1e29-47ed-acff-79ef1e30de2c,true,19a1a6be-7fb4-4513-b866-b5c88f320485
e32cc4fe-3bd1-4323-934c-ca0fb2df0640,true,3e51c361-517f-4b6d-aa32-68a2b3bfee2a
c5824909-4b63-42fa-a459-af2be08855ec,true,2ad5a0b4-22e2-4344-a07c-0f457a32c416
37ce3463-a958-4c8b-b8c9-7f21b8002547,true,a2a2e34a-52c2-44af-91ff-5c8a76ba6e19
ea06bad6-df3c-4424-a2ca-17b6c590663c,true,227a0a89-bc03-4694-898f-bfcf83e61496
1ecd66c9-eba1-4d95-9fdf-da80ff7d2c06,true,042bcd8d-ba50-491d-b6a9-9269a2e79edd
bce09291-c90b-4266-a973-eb8d4ca4e899,true,3085c090-b09c-4c59-b707-225e975c0a22
3f487a94-c17d-4eda-aae8-f06f05fd9a23,true,291ed779-dd7f-49d3-97f8-c0834a6dc9f3
3ec9b0d2-ee1a-498e-9f28-6853cc7c826f,true,82cd598e-72a2-4531-9f20-8388f36f84d1
0ece6042-d37f-4726-b192-f64c8a83ee08,true,f8856af8-f836-444c-a60e-3158b6aa9356
aee0d6eb-a02f-46c8-a6ef-542405772abc,true,c2e92ab0-97f3-4a6a-9c66-209bb54cf3b3
d10227fc-23db-4e6b-8545-1a20c415c772,true,3b9cffba-b40a-4479-bb6c-4d23054a3cf0
34ea5a49-c392-4e24-85ad-ec95aa8caa39,true,babd19fb-15e3-47d8-bf54-b4c5e1dd2428
363d3ce7-56b8-46ea-904f-06c0da6eb225,true,508e5a7a-7254-4ebb-9496-9db77b0dbfb2
c24cc0f4-b95b-40f6-8a7e-0e0105b3bffb,true,d1657796-6207-47b4-b2f7-753ee826cee9
b551b94d-6b02-401f-a36c-89ac434f2cfc,true,320257ba-466e-49c4-98d2-3d9d1dfc50f5
8fdc96f5-48a7-46c1-b39b-f6f39fd10e8b,true,4d95eabb-8f53-4200-8517-bfa159eeae87
858361f5-bee0-40b5-9f17-58e4f792fb56,true,f9292ad4-b257-4ff5-941f-74185fbdab47
7d6fa3e5-1f07-4b06-87d9-3993a7802eea,true,9aa9cfe0-4c86-4ca2-a27e-7e49a2530137
cbdf3366-5d16-4ccf-aa50-b589f3cd56b6,true,d0751d9f-2214-4f73-880f-97999df3b497
56481dbd-5842-4817-880e-c385a0abeeea,true,e5c97014-9fa8-4615-ae14-5407b2c7f7d8
bd2413c4-4471-4559-a6b9-95b05a07996c,true,19aa10b4-1397-45c7-8a92-720942e1067b
3862bac7-b5ef-4237-b8e8-b70eed5b4df1,true,e58ebe4a-d08c-47eb-af2b-0cc0c22041b3
c6b2aac6-66c3-4c2e-9a1b-22d4ef2ec656,true,6974f938-79d7-4fcc-9134-1bf224b86cf0
f9d74330-1057-4fcf-a9d7-8236fb8d140e,true,1d3bc6ae-4d63-4ffb-8e2a-332f1c0234f8
89209da4-4beb-4ff3-ac34-113fc44a7e5e,true,d706c617-20f4-4c5b-9d81-c20518d93fa9
bb320fd0-bbba-40ab-8476-2f719a8d98c0,true,f1404b28-5907-4fd2-899f-e110b6aba234
a03deabc-0b0e-46ed-bd71-44c8d7ce18e2,true,987d2248-6100-4228-a4e5-7ed39616016b
587fea70-1958-4aa9-b03c-eb4d0b85e4be,true,a71ebdbb-7cde-468f-9242-84623988736e
f5490eec-4c56-4faf-8b12-4d7b29face4d,true,322c8007-274e-43ad-8b08-967f9fc0af47
24eff0b2-4545-43a9-af99-e3e356e02df4,true,b1331abb-2e46-46a2-9594-1d24a1b72601
2efb2477-a8b5-4abb-8af5-c2236e9bae75,true,ee3544e3-b5b3-4706-b1e8-fda09ff176c0
d94a1628-3e1d-4252-a3d7-ee519f663e93,true,af5184fc-970d-4b48-a43b-c733685dd825
1bf9819b-8c8f-473f-9224-e1fdfc48bddf,true,18eb6fbc-2eaf-4cf0-98a1-43e3ca23c39b
642fedfe-1835-44e6-8810-67445d6a5a53,true,fe7535a4-284e-448b-af6e-95e1a081373d
c2d67345-8c92-480b-824c-f080b86c5492,true,b16b4b0e-7f9e-439d-aa80-6157c6f93f13
fca2372d-b567-4d9d-bcd6-4d2f5ab88cb4,true,0bf4650c-a26c-43c9-9fdd-cb411838a820
6a67306b-758e-475f-8fb8-49a58c84cc38,true,a4f61be4-d511-4e62-92e8-7eb0fae9d837
5a9bf896-c8c4-463a-8bb1-9fd337d944d6,true,1b68d8a8-c5b9-4e62-a0bc-b2d34a316f35
ce30c7c6-5671-4eb6-9902-a451a45196bf,true,a0d684a6-248a-4dd2-ab39-71cd13931903
77fe6f96-356d-4ca1-a891-6fcccad1812a,true,0257cb9a-db9c-45f5-969f-aac2101b3eed
d0726ef3-6f13-47c1-8894-647a840063b6,true,1d02e7a7-8522-419d-ba2b-4578840fc4c2
4f874461-8661-4b2d-a4ba-c7dac2106918,true,411ab1da-7abd-4b2b-be2c-712d9308f6ed
367775f6-7228-46d7-be77-965ef61831dd,true,7e9b3597-355f-49de-8a87-454b486c9aea
db111451-3c0c-48cc-a399-d92a258be6ec,true,0468da38-372f-44e1-afa1-6d6a9589e4eb
9e85f71e-9a19-4b88-8551-e8a511fd2ced,true,cea1eac6-dcff-453c-8e9f-80102a36d5b9
e0d1ba7c-2fe6-425e-94db-40670dc5963a,true,53eafaaf-a8bf-459c-b5ae-62f3d757f0fb
69091de9-76e9-4344-afcb-2d3f1aae6d70,true,6a0db234-7051-4683-acb6-42e90298717d
0b8d2767-9439-4ef1-84a6-6b33e70c0000,true,3e352843-9917-4f7e-bf32-8876bcad0199
01fa9070-73ab-43a3-9e54-5af8eca68458,true,b85ee67f-39f6-4c9c-85f8-445721e61bd2
e04f9ecc-91e1-4aa1-8a96-791cee8ac354,true,faccc2c0-f343-4c75-8b6d-1ff0b39bedca
bfde6f02-228d-49e9-a956-770e95d6b834,true,8d150b06-052f-4019-94bb-ef8b48c164d7
2bafc44d-5a35-42ee-a2c0-2616e5d65c22,true,6a98842c-7591-4d77-ade6-e73b6c45323a
fd87d243-037a-4412-af2b-47fa516338c6,true,90a17401-6808-4280-83b7-2c76b21c98a6
554d4289-14b3-4ce2-9f3e-8068934ff701,true,1e9a600f-3b85-4f60-9e52-36591217febf
bedb1941-3592-4765-b46a-2a59c8c732b9,true,646ff26f-5a4e-4a43-8352-e052a391e68f
559c1ead-0905-4dc8-8c04-eea6eabb169a,true,e61cc00f-e069-4aba-ad57-d897a8f3acb9
0ae10816-7bda-4adf-9be2-b35a80a9f809,true,96b0f41b-5614-44f7-adc1-578688b262b7
db6031bf-aa8a-4dc7-9104-3904f91a4693,true,508dea5c-12ed-402e-9077-0805c682ba8e
51e2247a-f9cd-4443-9455-26bac29b0c61,true,9a515b43-4caf-4ba5-9588-e4faa8ce706b
95231a8d-6da3-4858-9aab-9d069a8d7619,true,bfb07e2a-28ef-4a04-a9c2-068258e89c20
a9778bb8-02ec-4461-bc1c-7ddcb8a1e4d9,true,8c1ca601-fe04-4532-a4b4-99326d32098e
3f677470-9d1b-4719-8378-ad96d87b5871,true,7c54131e-90fb-46df-80fb-791841f805a1
7613f327-32fd-4c3d-9a3e-28fd39f967ac,true,ff4bcb29-d52d-4f13-8e45-9336a7ce3ac6
19014434-d6c1-45d1-9ab4-4f586b6a3015,true,983c3004-4850-4a41-8948-b888c5618cf6
f78d79f0-945a-475a-8d36-bef782395cba,true,6f2bb477-439f-4810-b805-fbaa089abd90
b5997a5a-e69c-418b-9f87-854dd36aec2f,true,57ef25b6-8575-4401-aa6d-07e62be21277
98c3751a-1003-41d4-98e5-9edd91749348,true,7f178eba-130e-46e6-af6d-cdc96b48b95c
c714c51a-0647-4029-94ee-c01f8b56701a,true,baba78c8-72a0-4d7f-bce4-f978f711b2b6
c126ebad-d46f-49c2-8b88-a8c0b7e98206,true,2bc32f2f-3a62-4e78-ab41-426a2dfb46cc
4f9d7b69-4901-4e73-9643-03c0f89bce05,true,c2300f2f-562c-4828-8a19-3c2583ff3fbe
55a80843-f9fd-4f15-94af-a73d632f45f4,true,d0bfcf9d-a901-4520-abf6-352ce805eb0b
d0b4b36e-6f27-4fad-834a-a8814a5cce81,true,2e56c25e-b2e6-4c74-b160-dbf904b9ec93
d0f5a22c-5311-4d21-916e-fa903fdec8ee,true,3b71508c-3496-4acf-a7d2-baa4f43dbd4a
5adca54b-bade-4e1c-b853-df94ebb9e627,true,1b52f9e7-6396-46aa-88ce-abf0a4a278cf
30be9293-1579-412d-b84a-69680b62e968,true,db3d0e71-9c97-4de4-83b3-35292f541ef8
17ac60ad-d7f6-47bb-a79f-213ae3879a2e,true,f8ef3bef-9e45-4027-a213-6aabbf089837
a8e63988-2015-49c9-bee2-44ace8b39e63,true,810756e0-c3f7-4db9-ab45-f14743abea6f
b6cf5546-8980-4236-ae25-93c421d5b055,true,c9520d6f-bd8e-495b-a47a-a897ce111482
eb6101ff-c591-4316-bc44-0ea86bc16c15,true,ebf61e0f-379d-4ef7-a16c-b85e467680f4
fbe7455d-617f-420f-b244-33e500771876,true,be6ee186-c418-4388-9eaa-0bd6bd859476
a438b27b-75c0-4a61-b49d-820616cd0779,true,b4afa5d7-63ec-40a1-bcfe-21410366ff27
632460f4-9438-4083-9fbc-a2637755155c,true,53087ecc-05a0-4723-843d-e15fd156d8e8
3d9c2bf4-9d98-49c4-aedf-ccc4075450a0,true,b724a313-1e49-4a42-8fe7-d9b187e0bf02
0f1c47fa-d8b2-4c51-af7c-f89887cff2cc,true,edbda87e-0e19-4eaf-b470-e757e2d64399
193f169a-b056-4e69-9d3d-626c8a51d5f7,true,7ccda540-8106-4f06-adb5-32ab2e97de6e
8f31a148-ce1e-4597-8f3a-5df4cb1b9a2c,true,c18a1447-734e-45af-9040-c1fd0a056aac
9d96835c-91f6-410f-bda7-a848ca57d244,true,b3cae979-dde0-4729-9fde-58767c9eb431
efdd120e-e2e1-4803-96a4-797343e88baf,true,e76783ab-442c-4af9-91f8-f31feb45321d
a1f6abd2-7f33-4add-a6c2-e17afe58ea94,true,193ff345-e91f-49fb-9fbd-5a708fa340d6
5e719613-9a3c-4109-a008-df66a5e275e7,true,e32b393b-d6f6-434c-bbde-facb4dab11a5
bd21c08d-1498-4842-860b-a704d66f7f26,true,ae70fe7a-7e45-490b-9ee1-639c052aa8f1
17fbc417-4c28-4e3e-9886-e5a296182697,true,d3e7865d-c83b-4407-9aed-b3e4fa0b9339
f75db610-8b31-476e-b17f-2c7839dfb20b,true,b2fda385-d5fe-4bdd-aa24-5681579bccde
ebaf93c3-01f1-4661-abd6-70c8ce974c1c,true,684aa09e-90cb-4795-ae33-0286c8397386
3714a643-47c9-4ab8-8531-5a51dc50d4d6,true,cdc4d076-7687-4fba-bba8-8088ba31a36d
122b504e-550a-47ae-b538-45b68c5d20bb,true,175099d4-2dbd-455a-aff6-7b535d457722
eb1848f4-042d-4d56-8a75-670896b08bdf,true,aa32fe56-e19d-4e91-8306-d6d6c83428a6
8f2ca054-257f-4a26-83a3-452cc6f61cb3,true,643b5ad7-7bee-4559-9cb3-3423f24b06b0
77250e2a-d9b6-4792-90a7-f98f819df370,true,c40698c9-3403-484c-b550-205d2ca224cb
4d4c7947-5a43-4f12-b117-99cf3471f076,true,71b3b16d-74b3-473c-a991-f113faffa979
6119d667-b904-4a29-a5ae-2f172ec0dca1,true,6b08a413-24e9-41be-9982-1e9a5ba87837
5166479c-9ff7-4caa-8762-1462afaf609c,true,a24b624c-db91-46db-97e5-373ae60becc7
f407a12e-3af2-4a34-a309-35eecc856612,true,b8245870-767c-4dcd-bdc8-198b5589e89e
c91a830b-af79-4de1-a0c9-6a12bbb125ce,true,dda11efe-2b0f-4bff-9528-9757b0be6d4e
db8c00e6-49f6-4972-b4ac-4a047659e199,true,40cf6d33-f916-495d-bbc2-23f04aecbbb2
adcf07a8-2680-4e6f-a5b5-bd4dfc075b92,true,632dc038-2ec6-44e7-9101-8e16b22e7484
5f6c2364-14e7-499c-9526-7a6696fc3724,true,e625cbad-0f86-4b98-b7e2-c5244050ff80
3ae57f10-a084-41af-a34d-ec15211c7fff,true,26bd5d4f-1f1d-4d9d-aa37-cb1162542cb0
dda9f911-4bd8-45e2-a82d-2fe873c87a67,true,9acadaf0-ef54-4956-a597-769a71d03e7d
ea703dd0-4cae-4e7b-80b4-8b90fc2e8064,true,d9f5dc07-eb6a-4299-8664-af0f45001331
07cfb37c-007f-4242-9fd5-f02ba924318d,true,0759d734-8a5c-4083-a7fa-edc8cdc396a5
32ca7112-5f61-4f22-88f4-362caec710da,true,98d2e1c4-5e88-4e36-a491-eb752b0d08e2
ea5f62c7-7e28-4bea-aafb-6b09fd01d807,true,42fc12e4-39bc-48d2-9158-776fb0f5597f
bca3a155-8d7d-457c-8fae-00b2759e1d3f,true,f2a1e5e8-a3c0-43f9-a039-6655aced9118
1b9ee693-1710-42eb-8916-94d18251f7ea,true,41c0c2f7-485d-4b5d-a49d-92a33098079f
7b09d333-c171-41a2-95e2-ed5cba1c545c,true,243b365a-80ca-4815-b954-adae9a00a57c
b78c8bed-b314-4315-8741-ce8d35346b1d,true,9af57107-de39-4ecc-8a7d-36836768b0a5
3f818fd7-3278-4138-824a-eed4a2f4b5f9,true,8e7369bb-0853-4c55-8634-30c624c41678
d868370f-a106-4ee2-bd7b-f1dc6dd6d091,true,2dc62b2e-9d33-4cb8-860a-ac8cf54c36db
93ce3202-1c0a-40cf-b01a-64f24ec08576,true,b27cb51c-ec94-4d3a-a505-f9b380fa623a
5c943372-3a6d-40a7-99af-779053d8d1f7,true,4852c7b7-eb2b-4af2-a38e-456b8a2f4948
70a8fbd3-e11e-4cea-8f1c-e040628cb955,true,14cb8a38-ceae-4c34-935a-e56a7ef8faf0
d1e9eea6-2a21-4900-aaf7-042ff96f6233,true,6cebc046-84e2-47ac-be0f-57e1fcd169cb
e86f3d5c-cccf-4165-8720-734727fcff12,true,465bcad1-93d7-4c90-92b5-2af2fa496275
fc1e31f1-07a7-44e8-a136-f4d885b468f9,true,abe2a0ee-0915-400e-baf0-83088c7f08ce
4dce2cce-2ab1-4a79-9f0a-713b132227ad,true,6ed49c1c-38f0-4e68-bd26-972e2791c1a2
fe479b2a-b97e-4251-91ea-7e99e6a967dc,true,ced1d7f4-d79b-4b8f-a57a-cfe9b3bdb43d
7dfac4fa-e092-4ff9-9e8d-7c3ad6ff3348,true,76cdac6f-c004-4e35-b087-4906a83f5e80
a1c6dbe3-3661-47a0-998d-df56149fea2b,true,49a1238e-6780-4614-a22a-982ea823d696
3b7e73a9-fb50-4ed2-909d-b626c4262b8d,true,b9ab12d0-12a0-4550-91a6-0cd67a7c8d8f
d82ea4f8-4432-4730-a8c5-69a09a4f9bf6,true,2be287ab-712e-4598-8dc8-9d8bfcc3e6b7
352bc79e-ec68-4fd1-8900-1ba9e2a114b4,true,863708b8-1fb6-4107-bfa3-5574407c3fa2
81625650-1b89-4fa0-b70a-95dbd9cd17b8,true,35d95f56-61f9-4329-95b6-3d507de6f5d0
8ec92618-a0b6-4a45-9f2d-d17431a51e9a,true,c215bffe-2e90-458b-b71d-a5b4c09e88b9
9e572551-cfcb-4798-b7fa-1419ecf976db,true,501de76b-f2cf-48ff-80a2-43c6a2d8ca17
1b4432ec-2ede-47cb-8264-18613220b69a,true,dbe99fb9-979f-477f-a239-9aa85fc4edb9
770a5412-4661-4eef-b89f-f3699308242d,true,a328565e-38d4-4951-96a6-107625ecb088
3ab507d4-7162-4e3e-ad89-60d500b92120,true,230709d0-1b72-4a88-a9db-068ca6a072c6
677675b6-1487-4a4e-8ee1-5b121c3cba3a,true,2537fa59-eaf6-4618-8352-6d95a9db88e4
74ccf7e4-338d-4f98-96f0-be5e34cfe41a,true,6137d458-6141-43d6-ab2d-897e7e109cf7
7cf1d15c-6a1a-4eb9-8132-7cfc5e3b037c,true,ebaf8e3c-f383-4440-abdc-940137ea653a
29df4cf3-decc-4c5f-9fa3-89777ae7e788,true,0e1e4bae-ffe5-4f80-af05-9bbe34161404
b2288bcc-8bc5-4375-8d5e-fb56ea1118b2,true,036f25ea-0dd4-4981-af42-b77646e036bd
0d1e1a22-bc59-4c00-8b40-7185e6d52bf1,true,2d43d907-a8b8-49bd-8ae6-2345348cd9d8
6b938f93-76a0-4144-9e2c-00dc803af3f0,true,49788d2b-5a41-402b-ac89-d038b05e89b7
c7a5f719-ce59-4c2d-82d5-0ec6722af553,true,a55aaac7-6d59-438c-a352-30ab84e2f14b
8b4a55f9-4f82-44db-808c-26d3e78ca46e,true,9050fd77-390a-4513-8dc8-23f1039be7cd
766510c4-76b8-4fe1-94b2-251b6c985527,true,9e7a8f99-7312-4b8d-b819-52fcb562379d
f99a8d5b-d893-4304-859f-4e43f7868c22,true,f4ba3534-076c-4f2a-a160-a242ec4915a0
7059bdb2-535a-4d4a-a70a-c48aef997163,true,fbaf12fa-2f2a-412c-b3e6-6b0140901fa1
67b0b924-13b1-4e8e-9680-a184cd2ce973,true,b0e17378-2cd3-4527-90c2-01071296ce7a
a9806c8d-c24e-41ca-a8f8-320611d8e90a,true,747b4314-b90c-4f47-8fe5-77ba36977f05
a8d18828-0269-4c72-bfe0-03ee099b03ee,true,15677d6c-3b95-4c66-997a-374a69a847ff
1cb2e789-dda5-4669-9b5c-ef925e10e957,true,4ed4fa2a-80df-4680-9ec8-3a6291c32693
01aa83d1-395a-4fbd-bdc7-b2fa7ddd3fe4,true,62e74a49-7ee6-4c36-a5aa-9584872198fb
1d637903-c516-42b7-aac3-8515b3643a0e,true,1805a429-116f-4edc-8861-c668279300e6
f90fe756-cf6d-4f60-87d5-64d44206b2a4,true,9d695e2f-ee40-4ebe-a591-6c06af467c7b
1dc22519-27e2-46ce-bcfd-1a770dee6923,true,6d33ce8f-5b94-4cd4-a26c-b4d2904e4641
99df4106-ad62-42ee-97d3-6aaf81a86e56,true,192a0a4c-eccb-4b60-863f-764855af8d2d
6e726f19-a5b8-4b74-b5cf-885ffafc853a,true,bcce8ffc-e0b5-45d3-9963-5b2b065a8e92
eee11db6-91e6-411e-8c74-46505daceb04,true,24eab4c4-c61c-4f36-81bc-f0094f99d38c
7a864f2b-1684-4d4e-ad60-28dc6b598207,true,33cb7e61-de38-441b-be29-21211c21c608
c09fe8f4-e6ed-46bb-800d-b66c785bb09b,true,9cc52d24-7d90-423c-b4b6-65e8da1bdaa5
9d4bd1b1-dd41-4f55-b699-af1d235ded00,true,6b1318cc-db79-43a0-adc4-b0862fddd057
298c4361-bd54-4d51-976b-4daa7d8222bc,true,1d46c830-5a6a-4205-93c8-b2ef339207f4
2e7d420d-6c16-4594-ab83-3d0bfb7f71e0,true,d0782e94-a510-4105-a4c8-418bb17983b8
69c21632-8bc9-4154-8f18-bc08d0b0723a,true,3bea6b32-f4f8-43c4-89f8-4019fd214a0f
d87f74c5-d327-4e15-bca7-01b3efce1b10,true,02ef214c-1a13-4e6b-b569-cb6faab9ad15
9979b5e1-c883-4d6b-9228-f2cbf2cbe3d9,true,5899cb42-e8d6-4d33-92aa-de3f8e1914e0
d7b78b7d-7586-4102-a5ef-91894ed8705b,true,a3789876-b239-49f6-8e21-9c4a9491d0c1
f32b299d-9ef3-4aa4-98e3-8d4de9966f1c,true,6823de84-a067-415d-b2c8-fea9f09d413d
c28faef7-5755-4b72-b676-73f216782044,true,ba1624de-150d-4f9f-8361-0b83b7d92bdc
e4666b1b-8ea3-426e-aabf-6e7bb2e4fd10,true,d61904c5-07e3-4c4c-8710-7b19c58c5669
edd3df36-caca-4947-a674-938826f31f82,true,6e20963e-d50e-446c-b756-19a6b434ef81
42cc277a-3007-4fa0-84c7-59ecd7f4fb2c,true,1ab81496-6740-4276-8f7f-4f923c109974
3e836118-2ca9-4050-8b23-8457709d12eb,true,86dd92ce-ad22-400c-acd3-33292816ca3e
0a0c6a6f-221d-45d0-bb32-edbb25815a26,true,5dcbb5a5-8b97-4a6f-8710-5f33da2e17e7
798b1d52-48f7-4710-8622-bbc01ad76102,true,eec9e807-e282-4067-aaac-4b8d557ca9a0
ab8b1e04-fbab-4fa5-9a83-b46d0574786c,true,78dc9ca0-98be-4197-b491-9d8a3fdefb05
1f09b91a-c742-45d0-986f-64fbc8ef2b56,true,2f2c7f3a-c299-456c-8e4c-0ac37a96e934
cc6c9917-dabf-4e05-9ac4-8769edd6c155,true,ad624b1b-dc09-48c8-9ab5-9293cb09de1b
8f72ec56-987b-427b-95cf-8216f9cefc3c,true,5d6f1526-ef5c-4604-b8d2-1085aac8058c
827579d0-6cca-4384-b106-9d4b2218cb10,true,a2fe87c0-40a9-4f20-a65b-4adf0948c495
ca5f7b24-c4a5-43ea-bed5-0ca4b7d1a023,true,557c369b-ea1d-40b2-a713-e446a40a8deb
7bba723e-2e78-4c0d-93fa-90dd1d310138,true,ff025495-a1b7-4109-a7f0-ee01d323f561
a9ce7368-089f-4b56-b05d-dcaaa8bb4b13,true,0a6441f7-fa68-472b-8dc3-df9d4dcd3e20
27d8dc6c-a0aa-46d9-bcfb-2b52248907a6,true,33238384-db9a-4b02-af73-6b8078d1940e
7badaf60-5804-4bdc-8816-e71d60e11c91,true,b6f090c5-3ed4-4c0c-a48f-29e2cb073359
ef23be27-9c56-4346-a2a2-57ace6d4fd71,true,9f9d50d2-b3ba-445b-b97b-7b3c65492a2b
66f6f4e3-168b-40ab-8c02-73065b73460f,true,767363c7-63ae-4026-aad3-1934ee2451f8
1ebb02c9-fa2b-4ed7-8c21-01897793b9e6,true,265af388-4c23-4799-8ee9-d456c49e30d2
e9d5bdb9-78e9-4034-99ee-7b7bfb0ba443,true,f1f475d0-c5e1-4db6-9481-0940cd4ae073
016c053f-1c66-46ba-959c-07e3a1e29781,true,b0326935-71ba-4975-8ee8-0fe9a0510c55
835690f9-b604-4b3b-98e1-e914df6ed373,true,3bee8de9-bba4-4e46-8f5a-5fbc05060525
5def836c-6872-40ab-b699-d91e28ac5d92,true,86c5a97c-ac9d-422f-8498-099c74ef39ff
01b8ab52-4d19-44fb-b29e-de01d2f9f5a8,true,093a4625-ccce-4fad-b73a-2b9572e504ef
f5f5e932-8c1d-466f-abf3-c6b37bb76e61,true,d760d985-9ba1-4501-83d3-6f3e812bf7d6
6674f7a5-88ab-46e3-89d0-7189a69dbcdf,true,357ea473-93f9-4c1f-923c-5f74c0fee601
5dbb252d-15ca-474c-b430-c4a3839ed2ce,true,b4d058fe-c118-4592-bb72-6f7227facc75
684cf38c-3d7f-4ccd-a944-a0566b713d77,true,19ff6984-91ea-402b-81a2-b67c2ed684cf
7b0d2177-26dc-4403-9c1d-725fa9fcef3b,true,8c11557e-c547-4a1b-87b6-1dd9f1d4b6e1
ed57fd0a-748d-410e-8500-b055ebd3391a,true,1ed54a6a-46a8-4547-88b2-5e761cf94a2f
a32e3e20-5c1b-4632-9873-9ee9986add97,true,17431f02-76b8-4cad-90b1-1ebbc96d7c50
e6fdb231-06b0-46d1-b085-be6f65bdc51b,true,7a15c0e3-1d02-47d7-afd7-420ab120d10c
55e11f5e-54a8-40a4-8b96-47a09efa221d,true,89c3bdc2-33d8-4d5d-be16-497d12204709
1550320f-33bc-4fc9-9686-ecf57855932b,true,a2749da3-4287-44c7-8cab-a7d139d5dca7
b14f2252-1aa5-47bd-b7ad-c3d84ab6080a,true,4d611f33-cdfe-489a-902e-93605602066b
200fe91c-0888-4c99-ab7f-1dc82136a28a,true,ef898c6b-7353-453b-b62e-451970e735d1
41403c9e-a4ee-4ecb-91dd-2c1e889fa45d,true,e89873a0-c76e-4ea2-bf54-a28ffcf1c311
934cfee5-47bf-4174-be99-a5980393dbda,true,9b232f37-40af-4a28-8521-147491e66d7d
fb0a03f2-c6f8-4db3-af7b-6476ccc4ce3f,true,7e40da60-fb2d-475c-9be6-1fb6f8d972d8
0d411f6e-d603-4c66-824c-d7206fc05980,true,a51cd879-b5ce-4b9d-a26d-84e388f043d4
91acd6f3-5988-444d-bfe5-e66ea16589ce,true,35ae8edf-d63d-4c82-92bf-eef36c829ea7
a7569a2e-5bb6-4b84-8cd8-5e42c1d18a73,true,e3ae63d6-571e-47ab-971b-26f6abfd9626
0b41420b-5f54-4a9f-928a-e24fc5fff923,true,1f315e51-4451-45bd-b98e-507c6ffee8cb
e557b815-b635-49c0-8e65-97b445bc15f6,true,66f36eee-fd9b-45e6-854c-0b53ffa8acda
d9b4e22b-952d-4ec5-ad6f-dbaba15a43ff,true,3f0ca47d-fbc2-4cb5-9625-fe9b85fb5cf6
b73753d0-9438-40ca-a748-3909b7ca0b19,true,55ec8e71-040a-40c6-8007-426003ee6d4a
